timestamp,temp,Atypical_Day,0,1,2,3,4,5,6,7,8,9,10,11,12,13,14,15,16,17,18,19,20,21,22,23,usage_t-1,usage_t-2,usage_t-3,usage_t-4,usage_t-5,usage_t-6,usage_t-7,usage_t-8,usage_t-9,usage_t-10,usage_t-11,usage_t-12
2017-03-18 00:00:00,37.9,1.0,1.0,0.0,0.0,0.0,0.0,0.0,0.0,0.0,0.0,0.0,0.0,0.0,0.0,0.0,0.0,0.0,0.0,0.0,0.0,0.0,0.0,0.0,0.0,0.0,0.17600000000000002,0.125,0.08800000000000001,0.066,0.067,0.081,0.126,0.067,0.045,0.066,0.063,0.075
2017-03-18 00:30:00,39.0,1.0,1.0,0.0,0.0,0.0,0.0,0.0,0.0,0.0,0.0,0.0,0.0,0.0,0.0,0.0,0.0,0.0,0.0,0.0,0.0,0.0,0.0,0.0,0.0,0.0,0.12,0.17600000000000002,0.125,0.08800000000000001,0.066,0.067,0.081,0.126,0.067,0.045,0.066,0.063
2017-03-18 01:00:00,39.0,1.0,0.0,1.0,0.0,0.0,0.0,0.0,0.0,0.0,0.0,0.0,0.0,0.0,0.0,0.0,0.0,0.0,0.0,0.0,0.0,0.0,0.0,0.0,0.0,0.0,0.094,0.12,0.17600000000000002,0.125,0.08800000000000001,0.066,0.067,0.081,0.126,0.067,0.045,0.066
2017-03-18 01:30:00,37.0,1.0,0.0,1.0,0.0,0.0,0.0,0.0,0.0,0.0,0.0,0.0,0.0,0.0,0.0,0.0,0.0,0.0,0.0,0.0,0.0,0.0,0.0,0.0,0.0,0.0,0.113,0.094,0.12,0.17600000000000002,0.125,0.08800000000000001,0.066,0.067,0.081,0.126,0.067,0.045
2017-03-18 02:00:00,37.0,1.0,0.0,0.0,1.0,0.0,0.0,0.0,0.0,0.0,0.0,0.0,0.0,0.0,0.0,0.0,0.0,0.0,0.0,0.0,0.0,0.0,0.0,0.0,0.0,0.0,0.111,0.113,0.094,0.12,0.17600000000000002,0.125,0.08800000000000001,0.066,0.067,0.081,0.126,0.067
2017-03-18 02:30:00,37.0,1.0,0.0,0.0,1.0,0.0,0.0,0.0,0.0,0.0,0.0,0.0,0.0,0.0,0.0,0.0,0.0,0.0,0.0,0.0,0.0,0.0,0.0,0.0,0.0,0.0,0.106,0.111,0.113,0.094,0.12,0.17600000000000002,0.125,0.08800000000000001,0.066,0.067,0.081,0.126
2017-03-18 03:00:00,37.0,1.0,0.0,0.0,0.0,1.0,0.0,0.0,0.0,0.0,0.0,0.0,0.0,0.0,0.0,0.0,0.0,0.0,0.0,0.0,0.0,0.0,0.0,0.0,0.0,0.0,0.145,0.106,0.111,0.113,0.094,0.12,0.17600000000000002,0.125,0.08800000000000001,0.066,0.067,0.081
2017-03-18 03:30:00,35.1,1.0,0.0,0.0,0.0,1.0,0.0,0.0,0.0,0.0,0.0,0.0,0.0,0.0,0.0,0.0,0.0,0.0,0.0,0.0,0.0,0.0,0.0,0.0,0.0,0.0,0.14300000000000002,0.145,0.106,0.111,0.113,0.094,0.12,0.17600000000000002,0.125,0.08800000000000001,0.066,0.067
2017-03-18 04:00:00,35.1,1.0,0.0,0.0,0.0,0.0,1.0,0.0,0.0,0.0,0.0,0.0,0.0,0.0,0.0,0.0,0.0,0.0,0.0,0.0,0.0,0.0,0.0,0.0,0.0,0.0,0.107,0.14300000000000002,0.145,0.106,0.111,0.113,0.094,0.12,0.17600000000000002,0.125,0.08800000000000001,0.066
2017-03-18 04:30:00,34.0,1.0,0.0,0.0,0.0,0.0,1.0,0.0,0.0,0.0,0.0,0.0,0.0,0.0,0.0,0.0,0.0,0.0,0.0,0.0,0.0,0.0,0.0,0.0,0.0,0.0,0.098,0.107,0.14300000000000002,0.145,0.106,0.111,0.113,0.094,0.12,0.17600000000000002,0.125,0.08800000000000001
2017-03-18 05:00:00,34.0,1.0,0.0,0.0,0.0,0.0,0.0,1.0,0.0,0.0,0.0,0.0,0.0,0.0,0.0,0.0,0.0,0.0,0.0,0.0,0.0,0.0,0.0,0.0,0.0,0.0,0.08800000000000001,0.098,0.107,0.14300000000000002,0.145,0.106,0.111,0.113,0.094,0.12,0.17600000000000002,0.125
2017-03-18 05:30:00,34.0,1.0,0.0,0.0,0.0,0.0,0.0,1.0,0.0,0.0,0.0,0.0,0.0,0.0,0.0,0.0,0.0,0.0,0.0,0.0,0.0,0.0,0.0,0.0,0.0,0.0,0.105,0.08800000000000001,0.098,0.107,0.14300000000000002,0.145,0.106,0.111,0.113,0.094,0.12,0.17600000000000002
2017-03-18 06:00:00,34.0,1.0,0.0,0.0,0.0,0.0,0.0,0.0,1.0,0.0,0.0,0.0,0.0,0.0,0.0,0.0,0.0,0.0,0.0,0.0,0.0,0.0,0.0,0.0,0.0,0.0,0.149,0.105,0.08800000000000001,0.098,0.107,0.14300000000000002,0.145,0.106,0.111,0.113,0.094,0.12
2017-03-18 06:30:00,32.0,1.0,0.0,0.0,0.0,0.0,0.0,0.0,1.0,0.0,0.0,0.0,0.0,0.0,0.0,0.0,0.0,0.0,0.0,0.0,0.0,0.0,0.0,0.0,0.0,0.0,0.11900000000000001,0.149,0.105,0.08800000000000001,0.098,0.107,0.14300000000000002,0.145,0.106,0.111,0.113,0.094
2017-03-18 07:00:00,32.0,1.0,0.0,0.0,0.0,0.0,0.0,0.0,0.0,1.0,0.0,0.0,0.0,0.0,0.0,0.0,0.0,0.0,0.0,0.0,0.0,0.0,0.0,0.0,0.0,0.0,0.063,0.11900000000000001,0.149,0.105,0.08800000000000001,0.098,0.107,0.14300000000000002,0.145,0.106,0.111,0.113
2017-03-18 07:30:00,35.1,1.0,0.0,0.0,0.0,0.0,0.0,0.0,0.0,1.0,0.0,0.0,0.0,0.0,0.0,0.0,0.0,0.0,0.0,0.0,0.0,0.0,0.0,0.0,0.0,0.0,0.069,0.063,0.11900000000000001,0.149,0.105,0.08800000000000001,0.098,0.107,0.14300000000000002,0.145,0.106,0.111
2017-03-18 08:00:00,35.1,1.0,0.0,0.0,0.0,0.0,0.0,0.0,0.0,0.0,1.0,0.0,0.0,0.0,0.0,0.0,0.0,0.0,0.0,0.0,0.0,0.0,0.0,0.0,0.0,0.0,0.077,0.069,0.063,0.11900000000000001,0.149,0.105,0.08800000000000001,0.098,0.107,0.14300000000000002,0.145,0.106
2017-03-18 08:30:00,37.9,1.0,0.0,0.0,0.0,0.0,0.0,0.0,0.0,0.0,1.0,0.0,0.0,0.0,0.0,0.0,0.0,0.0,0.0,0.0,0.0,0.0,0.0,0.0,0.0,0.0,0.086,0.077,0.069,0.063,0.11900000000000001,0.149,0.105,0.08800000000000001,0.098,0.107,0.14300000000000002,0.145
2017-03-18 09:00:00,37.9,1.0,0.0,0.0,0.0,0.0,0.0,0.0,0.0,0.0,0.0,1.0,0.0,0.0,0.0,0.0,0.0,0.0,0.0,0.0,0.0,0.0,0.0,0.0,0.0,0.0,0.13699999999999998,0.086,0.077,0.069,0.063,0.11900000000000001,0.149,0.105,0.08800000000000001,0.098,0.107,0.14300000000000002
2017-03-18 09:30:00,39.9,1.0,0.0,0.0,0.0,0.0,0.0,0.0,0.0,0.0,0.0,1.0,0.0,0.0,0.0,0.0,0.0,0.0,0.0,0.0,0.0,0.0,0.0,0.0,0.0,0.0,0.157,0.13699999999999998,0.086,0.077,0.069,0.063,0.11900000000000001,0.149,0.105,0.08800000000000001,0.098,0.107
2017-03-18 10:00:00,39.9,1.0,0.0,0.0,0.0,0.0,0.0,0.0,0.0,0.0,0.0,0.0,1.0,0.0,0.0,0.0,0.0,0.0,0.0,0.0,0.0,0.0,0.0,0.0,0.0,0.0,0.171,0.157,0.13699999999999998,0.086,0.077,0.069,0.063,0.11900000000000001,0.149,0.105,0.08800000000000001,0.098
2017-03-18 10:30:00,39.0,1.0,0.0,0.0,0.0,0.0,0.0,0.0,0.0,0.0,0.0,0.0,1.0,0.0,0.0,0.0,0.0,0.0,0.0,0.0,0.0,0.0,0.0,0.0,0.0,0.0,0.10800000000000001,0.171,0.157,0.13699999999999998,0.086,0.077,0.069,0.063,0.11900000000000001,0.149,0.105,0.08800000000000001
2017-03-18 11:00:00,39.0,1.0,0.0,0.0,0.0,0.0,0.0,0.0,0.0,0.0,0.0,0.0,0.0,1.0,0.0,0.0,0.0,0.0,0.0,0.0,0.0,0.0,0.0,0.0,0.0,0.0,0.10800000000000001,0.10800000000000001,0.171,0.157,0.13699999999999998,0.086,0.077,0.069,0.063,0.11900000000000001,0.149,0.105
2017-03-18 11:30:00,39.0,1.0,0.0,0.0,0.0,0.0,0.0,0.0,0.0,0.0,0.0,0.0,0.0,1.0,0.0,0.0,0.0,0.0,0.0,0.0,0.0,0.0,0.0,0.0,0.0,0.0,0.092,0.10800000000000001,0.10800000000000001,0.171,0.157,0.13699999999999998,0.086,0.077,0.069,0.063,0.11900000000000001,0.149
2017-03-18 12:00:00,39.0,1.0,0.0,0.0,0.0,0.0,0.0,0.0,0.0,0.0,0.0,0.0,0.0,0.0,1.0,0.0,0.0,0.0,0.0,0.0,0.0,0.0,0.0,0.0,0.0,0.0,0.122,0.092,0.10800000000000001,0.10800000000000001,0.171,0.157,0.13699999999999998,0.086,0.077,0.069,0.063,0.11900000000000001
2017-03-18 12:30:00,37.6,1.0,0.0,0.0,0.0,0.0,0.0,0.0,0.0,0.0,0.0,0.0,0.0,0.0,1.0,0.0,0.0,0.0,0.0,0.0,0.0,0.0,0.0,0.0,0.0,0.0,0.166,0.122,0.092,0.10800000000000001,0.10800000000000001,0.171,0.157,0.13699999999999998,0.086,0.077,0.069,0.063
2017-03-18 13:00:00,37.6,1.0,0.0,0.0,0.0,0.0,0.0,0.0,0.0,0.0,0.0,0.0,0.0,0.0,0.0,1.0,0.0,0.0,0.0,0.0,0.0,0.0,0.0,0.0,0.0,0.0,0.152,0.166,0.122,0.092,0.10800000000000001,0.10800000000000001,0.171,0.157,0.13699999999999998,0.086,0.077,0.069
2017-03-18 13:30:00,37.9,1.0,0.0,0.0,0.0,0.0,0.0,0.0,0.0,0.0,0.0,0.0,0.0,0.0,0.0,1.0,0.0,0.0,0.0,0.0,0.0,0.0,0.0,0.0,0.0,0.0,0.20199999999999999,0.152,0.166,0.122,0.092,0.10800000000000001,0.10800000000000001,0.171,0.157,0.13699999999999998,0.086,0.077
2017-03-18 14:00:00,37.9,1.0,0.0,0.0,0.0,0.0,0.0,0.0,0.0,0.0,0.0,0.0,0.0,0.0,0.0,0.0,1.0,0.0,0.0,0.0,0.0,0.0,0.0,0.0,0.0,0.0,0.127,0.20199999999999999,0.152,0.166,0.122,0.092,0.10800000000000001,0.10800000000000001,0.171,0.157,0.13699999999999998,0.086
2017-03-18 14:30:00,37.0,1.0,0.0,0.0,0.0,0.0,0.0,0.0,0.0,0.0,0.0,0.0,0.0,0.0,0.0,0.0,1.0,0.0,0.0,0.0,0.0,0.0,0.0,0.0,0.0,0.0,0.17800000000000002,0.127,0.20199999999999999,0.152,0.166,0.122,0.092,0.10800000000000001,0.10800000000000001,0.171,0.157,0.13699999999999998
2017-03-18 15:00:00,37.0,1.0,0.0,0.0,0.0,0.0,0.0,0.0,0.0,0.0,0.0,0.0,0.0,0.0,0.0,0.0,0.0,1.0,0.0,0.0,0.0,0.0,0.0,0.0,0.0,0.0,0.336,0.17800000000000002,0.127,0.20199999999999999,0.152,0.166,0.122,0.092,0.10800000000000001,0.10800000000000001,0.171,0.157
2017-03-18 15:30:00,37.9,1.0,0.0,0.0,0.0,0.0,0.0,0.0,0.0,0.0,0.0,0.0,0.0,0.0,0.0,0.0,0.0,1.0,0.0,0.0,0.0,0.0,0.0,0.0,0.0,0.0,0.13,0.336,0.17800000000000002,0.127,0.20199999999999999,0.152,0.166,0.122,0.092,0.10800000000000001,0.10800000000000001,0.171
2017-03-18 16:00:00,37.9,1.0,0.0,0.0,0.0,0.0,0.0,0.0,0.0,0.0,0.0,0.0,0.0,0.0,0.0,0.0,0.0,0.0,1.0,0.0,0.0,0.0,0.0,0.0,0.0,0.0,0.094,0.13,0.336,0.17800000000000002,0.127,0.20199999999999999,0.152,0.166,0.122,0.092,0.10800000000000001,0.10800000000000001
2017-03-18 16:30:00,37.0,1.0,0.0,0.0,0.0,0.0,0.0,0.0,0.0,0.0,0.0,0.0,0.0,0.0,0.0,0.0,0.0,0.0,1.0,0.0,0.0,0.0,0.0,0.0,0.0,0.0,0.07200000000000001,0.094,0.13,0.336,0.17800000000000002,0.127,0.20199999999999999,0.152,0.166,0.122,0.092,0.10800000000000001
2017-03-18 17:00:00,37.0,1.0,0.0,0.0,0.0,0.0,0.0,0.0,0.0,0.0,0.0,0.0,0.0,0.0,0.0,0.0,0.0,0.0,0.0,1.0,0.0,0.0,0.0,0.0,0.0,0.0,0.07200000000000001,0.07200000000000001,0.094,0.13,0.336,0.17800000000000002,0.127,0.20199999999999999,0.152,0.166,0.122,0.092
2017-03-18 17:30:00,36.5,1.0,0.0,0.0,0.0,0.0,0.0,0.0,0.0,0.0,0.0,0.0,0.0,0.0,0.0,0.0,0.0,0.0,0.0,1.0,0.0,0.0,0.0,0.0,0.0,0.0,0.07200000000000001,0.07200000000000001,0.07200000000000001,0.094,0.13,0.336,0.17800000000000002,0.127,0.20199999999999999,0.152,0.166,0.122
2017-03-18 18:00:00,36.5,1.0,0.0,0.0,0.0,0.0,0.0,0.0,0.0,0.0,0.0,0.0,0.0,0.0,0.0,0.0,0.0,0.0,0.0,0.0,1.0,0.0,0.0,0.0,0.0,0.0,0.06,0.07200000000000001,0.07200000000000001,0.07200000000000001,0.094,0.13,0.336,0.17800000000000002,0.127,0.20199999999999999,0.152,0.166
2017-03-18 18:30:00,34.0,1.0,0.0,0.0,0.0,0.0,0.0,0.0,0.0,0.0,0.0,0.0,0.0,0.0,0.0,0.0,0.0,0.0,0.0,0.0,1.0,0.0,0.0,0.0,0.0,0.0,0.08900000000000001,0.06,0.07200000000000001,0.07200000000000001,0.07200000000000001,0.094,0.13,0.336,0.17800000000000002,0.127,0.20199999999999999,0.152
2017-03-18 19:00:00,34.0,1.0,0.0,0.0,0.0,0.0,0.0,0.0,0.0,0.0,0.0,0.0,0.0,0.0,0.0,0.0,0.0,0.0,0.0,0.0,0.0,1.0,0.0,0.0,0.0,0.0,0.135,0.08900000000000001,0.06,0.07200000000000001,0.07200000000000001,0.07200000000000001,0.094,0.13,0.336,0.17800000000000002,0.127,0.20199999999999999
2017-03-18 19:30:00,33.1,1.0,0.0,0.0,0.0,0.0,0.0,0.0,0.0,0.0,0.0,0.0,0.0,0.0,0.0,0.0,0.0,0.0,0.0,0.0,0.0,1.0,0.0,0.0,0.0,0.0,0.07400000000000001,0.135,0.08900000000000001,0.06,0.07200000000000001,0.07200000000000001,0.07200000000000001,0.094,0.13,0.336,0.17800000000000002,0.127
2017-03-18 20:00:00,33.1,1.0,0.0,0.0,0.0,0.0,0.0,0.0,0.0,0.0,0.0,0.0,0.0,0.0,0.0,0.0,0.0,0.0,0.0,0.0,0.0,0.0,1.0,0.0,0.0,0.0,0.073,0.07400000000000001,0.135,0.08900000000000001,0.06,0.07200000000000001,0.07200000000000001,0.07200000000000001,0.094,0.13,0.336,0.17800000000000002
2017-03-18 20:30:00,32.0,1.0,0.0,0.0,0.0,0.0,0.0,0.0,0.0,0.0,0.0,0.0,0.0,0.0,0.0,0.0,0.0,0.0,0.0,0.0,0.0,0.0,1.0,0.0,0.0,0.0,0.065,0.073,0.07400000000000001,0.135,0.08900000000000001,0.06,0.07200000000000001,0.07200000000000001,0.07200000000000001,0.094,0.13,0.336
2017-03-18 21:00:00,32.0,1.0,0.0,0.0,0.0,0.0,0.0,0.0,0.0,0.0,0.0,0.0,0.0,0.0,0.0,0.0,0.0,0.0,0.0,0.0,0.0,0.0,0.0,1.0,0.0,0.0,0.063,0.065,0.073,0.07400000000000001,0.135,0.08900000000000001,0.06,0.07200000000000001,0.07200000000000001,0.07200000000000001,0.094,0.13
2017-03-18 21:30:00,30.9,1.0,0.0,0.0,0.0,0.0,0.0,0.0,0.0,0.0,0.0,0.0,0.0,0.0,0.0,0.0,0.0,0.0,0.0,0.0,0.0,0.0,0.0,1.0,0.0,0.0,0.065,0.063,0.065,0.073,0.07400000000000001,0.135,0.08900000000000001,0.06,0.07200000000000001,0.07200000000000001,0.07200000000000001,0.094
2017-03-18 22:00:00,30.9,1.0,0.0,0.0,0.0,0.0,0.0,0.0,0.0,0.0,0.0,0.0,0.0,0.0,0.0,0.0,0.0,0.0,0.0,0.0,0.0,0.0,0.0,0.0,1.0,0.0,0.135,0.065,0.063,0.065,0.073,0.07400000000000001,0.135,0.08900000000000001,0.06,0.07200000000000001,0.07200000000000001,0.07200000000000001
2017-03-18 22:30:00,30.0,1.0,0.0,0.0,0.0,0.0,0.0,0.0,0.0,0.0,0.0,0.0,0.0,0.0,0.0,0.0,0.0,0.0,0.0,0.0,0.0,0.0,0.0,0.0,1.0,0.0,0.105,0.135,0.065,0.063,0.065,0.073,0.07400000000000001,0.135,0.08900000000000001,0.06,0.07200000000000001,0.07200000000000001
2017-03-18 23:00:00,30.0,1.0,0.0,0.0,0.0,0.0,0.0,0.0,0.0,0.0,0.0,0.0,0.0,0.0,0.0,0.0,0.0,0.0,0.0,0.0,0.0,0.0,0.0,0.0,0.0,1.0,0.09699999999999999,0.105,0.135,0.065,0.063,0.065,0.073,0.07400000000000001,0.135,0.08900000000000001,0.06,0.07200000000000001
2017-03-18 23:30:00,28.9,1.0,0.0,0.0,0.0,0.0,0.0,0.0,0.0,0.0,0.0,0.0,0.0,0.0,0.0,0.0,0.0,0.0,0.0,0.0,0.0,0.0,0.0,0.0,0.0,1.0,0.107,0.09699999999999999,0.105,0.135,0.065,0.063,0.065,0.073,0.07400000000000001,0.135,0.08900000000000001,0.06
2017-03-19 00:00:00,28.9,1.0,1.0,0.0,0.0,0.0,0.0,0.0,0.0,0.0,0.0,0.0,0.0,0.0,0.0,0.0,0.0,0.0,0.0,0.0,0.0,0.0,0.0,0.0,0.0,0.0,0.12300000000000001,0.107,0.09699999999999999,0.105,0.135,0.065,0.063,0.065,0.073,0.07400000000000001,0.135,0.08900000000000001
2017-03-19 00:30:00,28.0,1.0,1.0,0.0,0.0,0.0,0.0,0.0,0.0,0.0,0.0,0.0,0.0,0.0,0.0,0.0,0.0,0.0,0.0,0.0,0.0,0.0,0.0,0.0,0.0,0.0,0.11599999999999999,0.12300000000000001,0.107,0.09699999999999999,0.105,0.135,0.065,0.063,0.065,0.073,0.07400000000000001,0.135
2017-03-19 01:00:00,28.0,1.0,0.0,1.0,0.0,0.0,0.0,0.0,0.0,0.0,0.0,0.0,0.0,0.0,0.0,0.0,0.0,0.0,0.0,0.0,0.0,0.0,0.0,0.0,0.0,0.0,0.138,0.11599999999999999,0.12300000000000001,0.107,0.09699999999999999,0.105,0.135,0.065,0.063,0.065,0.073,0.07400000000000001
2017-03-19 01:30:00,28.0,1.0,0.0,1.0,0.0,0.0,0.0,0.0,0.0,0.0,0.0,0.0,0.0,0.0,0.0,0.0,0.0,0.0,0.0,0.0,0.0,0.0,0.0,0.0,0.0,0.0,0.172,0.138,0.11599999999999999,0.12300000000000001,0.107,0.09699999999999999,0.105,0.135,0.065,0.063,0.065,0.073
2017-03-19 02:00:00,28.0,1.0,0.0,0.0,1.0,0.0,0.0,0.0,0.0,0.0,0.0,0.0,0.0,0.0,0.0,0.0,0.0,0.0,0.0,0.0,0.0,0.0,0.0,0.0,0.0,0.0,0.127,0.172,0.138,0.11599999999999999,0.12300000000000001,0.107,0.09699999999999999,0.105,0.135,0.065,0.063,0.065
2017-03-19 02:30:00,28.0,1.0,0.0,0.0,1.0,0.0,0.0,0.0,0.0,0.0,0.0,0.0,0.0,0.0,0.0,0.0,0.0,0.0,0.0,0.0,0.0,0.0,0.0,0.0,0.0,0.0,0.121,0.127,0.172,0.138,0.11599999999999999,0.12300000000000001,0.107,0.09699999999999999,0.105,0.135,0.065,0.063
2017-03-19 03:00:00,28.0,1.0,0.0,0.0,0.0,1.0,0.0,0.0,0.0,0.0,0.0,0.0,0.0,0.0,0.0,0.0,0.0,0.0,0.0,0.0,0.0,0.0,0.0,0.0,0.0,0.0,0.11199999999999999,0.121,0.127,0.172,0.138,0.11599999999999999,0.12300000000000001,0.107,0.09699999999999999,0.105,0.135,0.065
2017-03-19 03:30:00,27.0,1.0,0.0,0.0,0.0,1.0,0.0,0.0,0.0,0.0,0.0,0.0,0.0,0.0,0.0,0.0,0.0,0.0,0.0,0.0,0.0,0.0,0.0,0.0,0.0,0.0,0.11199999999999999,0.11199999999999999,0.121,0.127,0.172,0.138,0.11599999999999999,0.12300000000000001,0.107,0.09699999999999999,0.105,0.135
2017-03-19 04:00:00,27.0,1.0,0.0,0.0,0.0,0.0,1.0,0.0,0.0,0.0,0.0,0.0,0.0,0.0,0.0,0.0,0.0,0.0,0.0,0.0,0.0,0.0,0.0,0.0,0.0,0.0,0.11199999999999999,0.11199999999999999,0.11199999999999999,0.121,0.127,0.172,0.138,0.11599999999999999,0.12300000000000001,0.107,0.09699999999999999,0.105
2017-03-19 04:30:00,26.1,1.0,0.0,0.0,0.0,0.0,1.0,0.0,0.0,0.0,0.0,0.0,0.0,0.0,0.0,0.0,0.0,0.0,0.0,0.0,0.0,0.0,0.0,0.0,0.0,0.0,0.15,0.11199999999999999,0.11199999999999999,0.11199999999999999,0.121,0.127,0.172,0.138,0.11599999999999999,0.12300000000000001,0.107,0.09699999999999999
2017-03-19 05:00:00,26.1,1.0,0.0,0.0,0.0,0.0,0.0,1.0,0.0,0.0,0.0,0.0,0.0,0.0,0.0,0.0,0.0,0.0,0.0,0.0,0.0,0.0,0.0,0.0,0.0,0.0,0.154,0.15,0.11199999999999999,0.11199999999999999,0.11199999999999999,0.121,0.127,0.172,0.138,0.11599999999999999,0.12300000000000001,0.107
2017-03-19 05:30:00,25.0,1.0,0.0,0.0,0.0,0.0,0.0,1.0,0.0,0.0,0.0,0.0,0.0,0.0,0.0,0.0,0.0,0.0,0.0,0.0,0.0,0.0,0.0,0.0,0.0,0.0,0.105,0.154,0.15,0.11199999999999999,0.11199999999999999,0.11199999999999999,0.121,0.127,0.172,0.138,0.11599999999999999,0.12300000000000001
2017-03-19 06:00:00,25.0,1.0,0.0,0.0,0.0,0.0,0.0,0.0,1.0,0.0,0.0,0.0,0.0,0.0,0.0,0.0,0.0,0.0,0.0,0.0,0.0,0.0,0.0,0.0,0.0,0.0,0.105,0.105,0.154,0.15,0.11199999999999999,0.11199999999999999,0.11199999999999999,0.121,0.127,0.172,0.138,0.11599999999999999
2017-03-19 06:30:00,26.1,1.0,0.0,0.0,0.0,0.0,0.0,0.0,1.0,0.0,0.0,0.0,0.0,0.0,0.0,0.0,0.0,0.0,0.0,0.0,0.0,0.0,0.0,0.0,0.0,0.0,0.109,0.105,0.105,0.154,0.15,0.11199999999999999,0.11199999999999999,0.11199999999999999,0.121,0.127,0.172,0.138
2017-03-19 07:00:00,26.1,1.0,0.0,0.0,0.0,0.0,0.0,0.0,0.0,1.0,0.0,0.0,0.0,0.0,0.0,0.0,0.0,0.0,0.0,0.0,0.0,0.0,0.0,0.0,0.0,0.0,0.11800000000000001,0.109,0.105,0.105,0.154,0.15,0.11199999999999999,0.11199999999999999,0.11199999999999999,0.121,0.127,0.172
2017-03-19 07:30:00,30.0,1.0,0.0,0.0,0.0,0.0,0.0,0.0,0.0,1.0,0.0,0.0,0.0,0.0,0.0,0.0,0.0,0.0,0.0,0.0,0.0,0.0,0.0,0.0,0.0,0.0,0.122,0.11800000000000001,0.109,0.105,0.105,0.154,0.15,0.11199999999999999,0.11199999999999999,0.11199999999999999,0.121,0.127
2017-03-19 08:00:00,30.0,1.0,0.0,0.0,0.0,0.0,0.0,0.0,0.0,0.0,1.0,0.0,0.0,0.0,0.0,0.0,0.0,0.0,0.0,0.0,0.0,0.0,0.0,0.0,0.0,0.0,0.174,0.122,0.11800000000000001,0.109,0.105,0.105,0.154,0.15,0.11199999999999999,0.11199999999999999,0.11199999999999999,0.121
2017-03-19 08:30:00,33.1,1.0,0.0,0.0,0.0,0.0,0.0,0.0,0.0,0.0,1.0,0.0,0.0,0.0,0.0,0.0,0.0,0.0,0.0,0.0,0.0,0.0,0.0,0.0,0.0,0.0,0.16699999999999998,0.174,0.122,0.11800000000000001,0.109,0.105,0.105,0.154,0.15,0.11199999999999999,0.11199999999999999,0.11199999999999999
2017-03-19 09:00:00,33.1,1.0,0.0,0.0,0.0,0.0,0.0,0.0,0.0,0.0,0.0,1.0,0.0,0.0,0.0,0.0,0.0,0.0,0.0,0.0,0.0,0.0,0.0,0.0,0.0,0.0,0.127,0.16699999999999998,0.174,0.122,0.11800000000000001,0.109,0.105,0.105,0.154,0.15,0.11199999999999999,0.11199999999999999
2017-03-19 09:30:00,33.766666,1.0,0.0,0.0,0.0,0.0,0.0,0.0,0.0,0.0,0.0,1.0,0.0,0.0,0.0,0.0,0.0,0.0,0.0,0.0,0.0,0.0,0.0,0.0,0.0,0.0,0.12300000000000001,0.127,0.16699999999999998,0.174,0.122,0.11800000000000001,0.109,0.105,0.105,0.154,0.15,0.11199999999999999
2017-03-19 10:00:00,33.766666,1.0,0.0,0.0,0.0,0.0,0.0,0.0,0.0,0.0,0.0,0.0,1.0,0.0,0.0,0.0,0.0,0.0,0.0,0.0,0.0,0.0,0.0,0.0,0.0,0.0,0.092,0.12300000000000001,0.127,0.16699999999999998,0.174,0.122,0.11800000000000001,0.109,0.105,0.105,0.154,0.15
2017-03-19 10:30:00,35.55,1.0,0.0,0.0,0.0,0.0,0.0,0.0,0.0,0.0,0.0,0.0,1.0,0.0,0.0,0.0,0.0,0.0,0.0,0.0,0.0,0.0,0.0,0.0,0.0,0.0,0.085,0.092,0.12300000000000001,0.127,0.16699999999999998,0.174,0.122,0.11800000000000001,0.109,0.105,0.105,0.154
2017-03-19 11:00:00,35.55,1.0,0.0,0.0,0.0,0.0,0.0,0.0,0.0,0.0,0.0,0.0,0.0,1.0,0.0,0.0,0.0,0.0,0.0,0.0,0.0,0.0,0.0,0.0,0.0,0.0,0.11199999999999999,0.085,0.092,0.12300000000000001,0.127,0.16699999999999998,0.174,0.122,0.11800000000000001,0.109,0.105,0.105
2017-03-19 11:30:00,36.05,1.0,0.0,0.0,0.0,0.0,0.0,0.0,0.0,0.0,0.0,0.0,0.0,1.0,0.0,0.0,0.0,0.0,0.0,0.0,0.0,0.0,0.0,0.0,0.0,0.0,1.662,0.11199999999999999,0.085,0.092,0.12300000000000001,0.127,0.16699999999999998,0.174,0.122,0.11800000000000001,0.109,0.105
2017-03-19 12:00:00,36.05,1.0,0.0,0.0,0.0,0.0,0.0,0.0,0.0,0.0,0.0,0.0,0.0,0.0,1.0,0.0,0.0,0.0,0.0,0.0,0.0,0.0,0.0,0.0,0.0,0.0,1.193,1.662,0.11199999999999999,0.085,0.092,0.12300000000000001,0.127,0.16699999999999998,0.174,0.122,0.11800000000000001,0.109
2017-03-19 12:30:00,36.333333,1.0,0.0,0.0,0.0,0.0,0.0,0.0,0.0,0.0,0.0,0.0,0.0,0.0,1.0,0.0,0.0,0.0,0.0,0.0,0.0,0.0,0.0,0.0,0.0,0.0,0.038,1.193,1.662,0.11199999999999999,0.085,0.092,0.12300000000000001,0.127,0.16699999999999998,0.174,0.122,0.11800000000000001
2017-03-19 13:00:00,36.333333,1.0,0.0,0.0,0.0,0.0,0.0,0.0,0.0,0.0,0.0,0.0,0.0,0.0,0.0,1.0,0.0,0.0,0.0,0.0,0.0,0.0,0.0,0.0,0.0,0.0,0.039,0.038,1.193,1.662,0.11199999999999999,0.085,0.092,0.12300000000000001,0.127,0.16699999999999998,0.174,0.122
2017-03-19 13:30:00,37.9,1.0,0.0,0.0,0.0,0.0,0.0,0.0,0.0,0.0,0.0,0.0,0.0,0.0,0.0,1.0,0.0,0.0,0.0,0.0,0.0,0.0,0.0,0.0,0.0,0.0,0.049,0.039,0.038,1.193,1.662,0.11199999999999999,0.085,0.092,0.12300000000000001,0.127,0.16699999999999998,0.174
2017-03-19 14:00:00,37.9,1.0,0.0,0.0,0.0,0.0,0.0,0.0,0.0,0.0,0.0,0.0,0.0,0.0,0.0,0.0,1.0,0.0,0.0,0.0,0.0,0.0,0.0,0.0,0.0,0.0,0.07,0.049,0.039,0.038,1.193,1.662,0.11199999999999999,0.085,0.092,0.12300000000000001,0.127,0.16699999999999998
2017-03-19 14:30:00,37.0,1.0,0.0,0.0,0.0,0.0,0.0,0.0,0.0,0.0,0.0,0.0,0.0,0.0,0.0,0.0,1.0,0.0,0.0,0.0,0.0,0.0,0.0,0.0,0.0,0.0,0.14300000000000002,0.07,0.049,0.039,0.038,1.193,1.662,0.11199999999999999,0.085,0.092,0.12300000000000001,0.127
2017-03-19 15:00:00,37.0,1.0,0.0,0.0,0.0,0.0,0.0,0.0,0.0,0.0,0.0,0.0,0.0,0.0,0.0,0.0,0.0,1.0,0.0,0.0,0.0,0.0,0.0,0.0,0.0,0.0,0.149,0.14300000000000002,0.07,0.049,0.039,0.038,1.193,1.662,0.11199999999999999,0.085,0.092,0.12300000000000001
2017-03-19 15:30:00,36.0,1.0,0.0,0.0,0.0,0.0,0.0,0.0,0.0,0.0,0.0,0.0,0.0,0.0,0.0,0.0,0.0,1.0,0.0,0.0,0.0,0.0,0.0,0.0,0.0,0.0,0.04,0.149,0.14300000000000002,0.07,0.049,0.039,0.038,1.193,1.662,0.11199999999999999,0.085,0.092
2017-03-19 16:00:00,36.0,1.0,0.0,0.0,0.0,0.0,0.0,0.0,0.0,0.0,0.0,0.0,0.0,0.0,0.0,0.0,0.0,0.0,1.0,0.0,0.0,0.0,0.0,0.0,0.0,0.0,0.04,0.04,0.149,0.14300000000000002,0.07,0.049,0.039,0.038,1.193,1.662,0.11199999999999999,0.085
2017-03-19 16:30:00,35.1,1.0,0.0,0.0,0.0,0.0,0.0,0.0,0.0,0.0,0.0,0.0,0.0,0.0,0.0,0.0,0.0,0.0,1.0,0.0,0.0,0.0,0.0,0.0,0.0,0.0,0.044000000000000004,0.04,0.04,0.149,0.14300000000000002,0.07,0.049,0.039,0.038,1.193,1.662,0.11199999999999999
2017-03-19 17:00:00,35.1,1.0,0.0,0.0,0.0,0.0,0.0,0.0,0.0,0.0,0.0,0.0,0.0,0.0,0.0,0.0,0.0,0.0,0.0,1.0,0.0,0.0,0.0,0.0,0.0,0.0,0.05,0.044000000000000004,0.04,0.04,0.149,0.14300000000000002,0.07,0.049,0.039,0.038,1.193,1.662
2017-03-19 17:30:00,30.9,1.0,0.0,0.0,0.0,0.0,0.0,0.0,0.0,0.0,0.0,0.0,0.0,0.0,0.0,0.0,0.0,0.0,0.0,1.0,0.0,0.0,0.0,0.0,0.0,0.0,0.05,0.05,0.044000000000000004,0.04,0.04,0.149,0.14300000000000002,0.07,0.049,0.039,0.038,1.193
2017-03-19 18:00:00,30.9,1.0,0.0,0.0,0.0,0.0,0.0,0.0,0.0,0.0,0.0,0.0,0.0,0.0,0.0,0.0,0.0,0.0,0.0,0.0,1.0,0.0,0.0,0.0,0.0,0.0,0.17600000000000002,0.05,0.05,0.044000000000000004,0.04,0.04,0.149,0.14300000000000002,0.07,0.049,0.039,0.038
2017-03-19 18:30:00,30.0,1.0,0.0,0.0,0.0,0.0,0.0,0.0,0.0,0.0,0.0,0.0,0.0,0.0,0.0,0.0,0.0,0.0,0.0,0.0,1.0,0.0,0.0,0.0,0.0,0.0,0.109,0.17600000000000002,0.05,0.05,0.044000000000000004,0.04,0.04,0.149,0.14300000000000002,0.07,0.049,0.039
2017-03-19 19:00:00,30.0,1.0,0.0,0.0,0.0,0.0,0.0,0.0,0.0,0.0,0.0,0.0,0.0,0.0,0.0,0.0,0.0,0.0,0.0,0.0,0.0,1.0,0.0,0.0,0.0,0.0,0.10800000000000001,0.109,0.17600000000000002,0.05,0.05,0.044000000000000004,0.04,0.04,0.149,0.14300000000000002,0.07,0.049
2017-03-19 19:30:00,28.9,1.0,0.0,0.0,0.0,0.0,0.0,0.0,0.0,0.0,0.0,0.0,0.0,0.0,0.0,0.0,0.0,0.0,0.0,0.0,0.0,1.0,0.0,0.0,0.0,0.0,0.106,0.10800000000000001,0.109,0.17600000000000002,0.05,0.05,0.044000000000000004,0.04,0.04,0.149,0.14300000000000002,0.07
2017-03-19 20:00:00,28.9,1.0,0.0,0.0,0.0,0.0,0.0,0.0,0.0,0.0,0.0,0.0,0.0,0.0,0.0,0.0,0.0,0.0,0.0,0.0,0.0,0.0,1.0,0.0,0.0,0.0,0.08199999999999999,0.106,0.10800000000000001,0.109,0.17600000000000002,0.05,0.05,0.044000000000000004,0.04,0.04,0.149,0.14300000000000002
2017-03-19 20:30:00,28.9,1.0,0.0,0.0,0.0,0.0,0.0,0.0,0.0,0.0,0.0,0.0,0.0,0.0,0.0,0.0,0.0,0.0,0.0,0.0,0.0,0.0,1.0,0.0,0.0,0.0,0.055,0.08199999999999999,0.106,0.10800000000000001,0.109,0.17600000000000002,0.05,0.05,0.044000000000000004,0.04,0.04,0.149
2017-03-19 21:00:00,28.9,1.0,0.0,0.0,0.0,0.0,0.0,0.0,0.0,0.0,0.0,0.0,0.0,0.0,0.0,0.0,0.0,0.0,0.0,0.0,0.0,0.0,0.0,1.0,0.0,0.0,0.055999999999999994,0.055,0.08199999999999999,0.106,0.10800000000000001,0.109,0.17600000000000002,0.05,0.05,0.044000000000000004,0.04,0.04
2017-03-19 21:30:00,28.0,1.0,0.0,0.0,0.0,0.0,0.0,0.0,0.0,0.0,0.0,0.0,0.0,0.0,0.0,0.0,0.0,0.0,0.0,0.0,0.0,0.0,0.0,1.0,0.0,0.0,0.057,0.055999999999999994,0.055,0.08199999999999999,0.106,0.10800000000000001,0.109,0.17600000000000002,0.05,0.05,0.044000000000000004,0.04
2017-03-19 22:00:00,28.0,1.0,0.0,0.0,0.0,0.0,0.0,0.0,0.0,0.0,0.0,0.0,0.0,0.0,0.0,0.0,0.0,0.0,0.0,0.0,0.0,0.0,0.0,0.0,1.0,0.0,0.055999999999999994,0.057,0.055999999999999994,0.055,0.08199999999999999,0.106,0.10800000000000001,0.109,0.17600000000000002,0.05,0.05,0.044000000000000004
2017-03-19 22:30:00,27.0,1.0,0.0,0.0,0.0,0.0,0.0,0.0,0.0,0.0,0.0,0.0,0.0,0.0,0.0,0.0,0.0,0.0,0.0,0.0,0.0,0.0,0.0,0.0,1.0,0.0,0.05,0.055999999999999994,0.057,0.055999999999999994,0.055,0.08199999999999999,0.106,0.10800000000000001,0.109,0.17600000000000002,0.05,0.05
2017-03-19 23:00:00,27.0,1.0,0.0,0.0,0.0,0.0,0.0,0.0,0.0,0.0,0.0,0.0,0.0,0.0,0.0,0.0,0.0,0.0,0.0,0.0,0.0,0.0,0.0,0.0,0.0,1.0,0.092,0.05,0.055999999999999994,0.057,0.055999999999999994,0.055,0.08199999999999999,0.106,0.10800000000000001,0.109,0.17600000000000002,0.05
2017-03-19 23:30:00,27.0,1.0,0.0,0.0,0.0,0.0,0.0,0.0,0.0,0.0,0.0,0.0,0.0,0.0,0.0,0.0,0.0,0.0,0.0,0.0,0.0,0.0,0.0,0.0,0.0,1.0,0.11199999999999999,0.092,0.05,0.055999999999999994,0.057,0.055999999999999994,0.055,0.08199999999999999,0.106,0.10800000000000001,0.109,0.17600000000000002
2017-03-20 00:00:00,27.0,0.0,1.0,0.0,0.0,0.0,0.0,0.0,0.0,0.0,0.0,0.0,0.0,0.0,0.0,0.0,0.0,0.0,0.0,0.0,0.0,0.0,0.0,0.0,0.0,0.0,0.102,0.11199999999999999,0.092,0.05,0.055999999999999994,0.057,0.055999999999999994,0.055,0.08199999999999999,0.106,0.10800000000000001,0.109
2017-03-20 00:30:00,25.0,0.0,1.0,0.0,0.0,0.0,0.0,0.0,0.0,0.0,0.0,0.0,0.0,0.0,0.0,0.0,0.0,0.0,0.0,0.0,0.0,0.0,0.0,0.0,0.0,0.0,0.12,0.102,0.11199999999999999,0.092,0.05,0.055999999999999994,0.057,0.055999999999999994,0.055,0.08199999999999999,0.106,0.10800000000000001
2017-03-20 01:00:00,25.0,0.0,0.0,1.0,0.0,0.0,0.0,0.0,0.0,0.0,0.0,0.0,0.0,0.0,0.0,0.0,0.0,0.0,0.0,0.0,0.0,0.0,0.0,0.0,0.0,0.0,0.122,0.12,0.102,0.11199999999999999,0.092,0.05,0.055999999999999994,0.057,0.055999999999999994,0.055,0.08199999999999999,0.106
2017-03-20 01:30:00,26.1,0.0,0.0,1.0,0.0,0.0,0.0,0.0,0.0,0.0,0.0,0.0,0.0,0.0,0.0,0.0,0.0,0.0,0.0,0.0,0.0,0.0,0.0,0.0,0.0,0.0,0.125,0.122,0.12,0.102,0.11199999999999999,0.092,0.05,0.055999999999999994,0.057,0.055999999999999994,0.055,0.08199999999999999
2017-03-20 02:00:00,26.1,0.0,0.0,0.0,1.0,0.0,0.0,0.0,0.0,0.0,0.0,0.0,0.0,0.0,0.0,0.0,0.0,0.0,0.0,0.0,0.0,0.0,0.0,0.0,0.0,0.0,0.11900000000000001,0.125,0.122,0.12,0.102,0.11199999999999999,0.092,0.05,0.055999999999999994,0.057,0.055999999999999994,0.055
2017-03-20 02:30:00,26.1,0.0,0.0,0.0,1.0,0.0,0.0,0.0,0.0,0.0,0.0,0.0,0.0,0.0,0.0,0.0,0.0,0.0,0.0,0.0,0.0,0.0,0.0,0.0,0.0,0.0,0.142,0.11900000000000001,0.125,0.122,0.12,0.102,0.11199999999999999,0.092,0.05,0.055999999999999994,0.057,0.055999999999999994
2017-03-20 03:00:00,26.1,0.0,0.0,0.0,0.0,1.0,0.0,0.0,0.0,0.0,0.0,0.0,0.0,0.0,0.0,0.0,0.0,0.0,0.0,0.0,0.0,0.0,0.0,0.0,0.0,0.0,0.17,0.142,0.11900000000000001,0.125,0.122,0.12,0.102,0.11199999999999999,0.092,0.05,0.055999999999999994,0.057
2017-03-20 03:30:00,26.1,0.0,0.0,0.0,0.0,1.0,0.0,0.0,0.0,0.0,0.0,0.0,0.0,0.0,0.0,0.0,0.0,0.0,0.0,0.0,0.0,0.0,0.0,0.0,0.0,0.0,0.11800000000000001,0.17,0.142,0.11900000000000001,0.125,0.122,0.12,0.102,0.11199999999999999,0.092,0.05,0.055999999999999994
2017-03-20 04:00:00,26.1,0.0,0.0,0.0,0.0,0.0,1.0,0.0,0.0,0.0,0.0,0.0,0.0,0.0,0.0,0.0,0.0,0.0,0.0,0.0,0.0,0.0,0.0,0.0,0.0,0.0,0.105,0.11800000000000001,0.17,0.142,0.11900000000000001,0.125,0.122,0.12,0.102,0.11199999999999999,0.092,0.05
2017-03-20 04:30:00,26.1,0.0,0.0,0.0,0.0,0.0,1.0,0.0,0.0,0.0,0.0,0.0,0.0,0.0,0.0,0.0,0.0,0.0,0.0,0.0,0.0,0.0,0.0,0.0,0.0,0.0,0.11,0.105,0.11800000000000001,0.17,0.142,0.11900000000000001,0.125,0.122,0.12,0.102,0.11199999999999999,0.092
2017-03-20 05:00:00,26.1,0.0,0.0,0.0,0.0,0.0,0.0,1.0,0.0,0.0,0.0,0.0,0.0,0.0,0.0,0.0,0.0,0.0,0.0,0.0,0.0,0.0,0.0,0.0,0.0,0.0,0.113,0.11,0.105,0.11800000000000001,0.17,0.142,0.11900000000000001,0.125,0.122,0.12,0.102,0.11199999999999999
2017-03-20 05:30:00,26.1,0.0,0.0,0.0,0.0,0.0,0.0,1.0,0.0,0.0,0.0,0.0,0.0,0.0,0.0,0.0,0.0,0.0,0.0,0.0,0.0,0.0,0.0,0.0,0.0,0.0,0.11599999999999999,0.113,0.11,0.105,0.11800000000000001,0.17,0.142,0.11900000000000001,0.125,0.122,0.12,0.102
2017-03-20 06:00:00,26.1,0.0,0.0,0.0,0.0,0.0,0.0,0.0,1.0,0.0,0.0,0.0,0.0,0.0,0.0,0.0,0.0,0.0,0.0,0.0,0.0,0.0,0.0,0.0,0.0,0.0,0.14,0.11599999999999999,0.113,0.11,0.105,0.11800000000000001,0.17,0.142,0.11900000000000001,0.125,0.122,0.12
2017-03-20 06:30:00,25.0,0.0,0.0,0.0,0.0,0.0,0.0,0.0,1.0,0.0,0.0,0.0,0.0,0.0,0.0,0.0,0.0,0.0,0.0,0.0,0.0,0.0,0.0,0.0,0.0,0.0,0.184,0.14,0.11599999999999999,0.113,0.11,0.105,0.11800000000000001,0.17,0.142,0.11900000000000001,0.125,0.122
2017-03-20 07:00:00,25.0,0.0,0.0,0.0,0.0,0.0,0.0,0.0,0.0,1.0,0.0,0.0,0.0,0.0,0.0,0.0,0.0,0.0,0.0,0.0,0.0,0.0,0.0,0.0,0.0,0.0,0.1,0.184,0.14,0.11599999999999999,0.113,0.11,0.105,0.11800000000000001,0.17,0.142,0.11900000000000001,0.125
2017-03-20 07:30:00,28.0,0.0,0.0,0.0,0.0,0.0,0.0,0.0,0.0,1.0,0.0,0.0,0.0,0.0,0.0,0.0,0.0,0.0,0.0,0.0,0.0,0.0,0.0,0.0,0.0,0.0,0.079,0.1,0.184,0.14,0.11599999999999999,0.113,0.11,0.105,0.11800000000000001,0.17,0.142,0.11900000000000001
2017-03-20 08:00:00,28.0,0.0,0.0,0.0,0.0,0.0,0.0,0.0,0.0,0.0,1.0,0.0,0.0,0.0,0.0,0.0,0.0,0.0,0.0,0.0,0.0,0.0,0.0,0.0,0.0,0.0,0.077,0.079,0.1,0.184,0.14,0.11599999999999999,0.113,0.11,0.105,0.11800000000000001,0.17,0.142
2017-03-20 08:30:00,32.0,0.0,0.0,0.0,0.0,0.0,0.0,0.0,0.0,0.0,1.0,0.0,0.0,0.0,0.0,0.0,0.0,0.0,0.0,0.0,0.0,0.0,0.0,0.0,0.0,0.0,0.05,0.077,0.079,0.1,0.184,0.14,0.11599999999999999,0.113,0.11,0.105,0.11800000000000001,0.17
2017-03-20 09:00:00,32.0,0.0,0.0,0.0,0.0,0.0,0.0,0.0,0.0,0.0,0.0,1.0,0.0,0.0,0.0,0.0,0.0,0.0,0.0,0.0,0.0,0.0,0.0,0.0,0.0,0.0,0.053,0.05,0.077,0.079,0.1,0.184,0.14,0.11599999999999999,0.113,0.11,0.105,0.11800000000000001
2017-03-20 09:30:00,30.9,0.0,0.0,0.0,0.0,0.0,0.0,0.0,0.0,0.0,0.0,1.0,0.0,0.0,0.0,0.0,0.0,0.0,0.0,0.0,0.0,0.0,0.0,0.0,0.0,0.0,0.084,0.053,0.05,0.077,0.079,0.1,0.184,0.14,0.11599999999999999,0.113,0.11,0.105
2017-03-20 10:00:00,30.9,0.0,0.0,0.0,0.0,0.0,0.0,0.0,0.0,0.0,0.0,0.0,1.0,0.0,0.0,0.0,0.0,0.0,0.0,0.0,0.0,0.0,0.0,0.0,0.0,0.0,0.145,0.084,0.053,0.05,0.077,0.079,0.1,0.184,0.14,0.11599999999999999,0.113,0.11
2017-03-20 10:30:00,35.1,0.0,0.0,0.0,0.0,0.0,0.0,0.0,0.0,0.0,0.0,0.0,1.0,0.0,0.0,0.0,0.0,0.0,0.0,0.0,0.0,0.0,0.0,0.0,0.0,0.0,0.106,0.145,0.084,0.053,0.05,0.077,0.079,0.1,0.184,0.14,0.11599999999999999,0.113
2017-03-20 11:00:00,35.1,0.0,0.0,0.0,0.0,0.0,0.0,0.0,0.0,0.0,0.0,0.0,0.0,1.0,0.0,0.0,0.0,0.0,0.0,0.0,0.0,0.0,0.0,0.0,0.0,0.0,0.069,0.106,0.145,0.084,0.053,0.05,0.077,0.079,0.1,0.184,0.14,0.11599999999999999
2017-03-20 11:30:00,36.025,0.0,0.0,0.0,0.0,0.0,0.0,0.0,0.0,0.0,0.0,0.0,0.0,1.0,0.0,0.0,0.0,0.0,0.0,0.0,0.0,0.0,0.0,0.0,0.0,0.0,0.067,0.069,0.106,0.145,0.084,0.053,0.05,0.077,0.079,0.1,0.184,0.14
2017-03-20 12:00:00,36.025,0.0,0.0,0.0,0.0,0.0,0.0,0.0,0.0,0.0,0.0,0.0,0.0,0.0,1.0,0.0,0.0,0.0,0.0,0.0,0.0,0.0,0.0,0.0,0.0,0.0,0.062,0.067,0.069,0.106,0.145,0.084,0.053,0.05,0.077,0.079,0.1,0.184
2017-03-20 12:30:00,37.0,0.0,0.0,0.0,0.0,0.0,0.0,0.0,0.0,0.0,0.0,0.0,0.0,0.0,1.0,0.0,0.0,0.0,0.0,0.0,0.0,0.0,0.0,0.0,0.0,0.0,0.07400000000000001,0.062,0.067,0.069,0.106,0.145,0.084,0.053,0.05,0.077,0.079,0.1
2017-03-20 13:00:00,37.0,0.0,0.0,0.0,0.0,0.0,0.0,0.0,0.0,0.0,0.0,0.0,0.0,0.0,0.0,1.0,0.0,0.0,0.0,0.0,0.0,0.0,0.0,0.0,0.0,0.0,0.109,0.07400000000000001,0.062,0.067,0.069,0.106,0.145,0.084,0.053,0.05,0.077,0.079
2017-03-20 13:30:00,39.0,0.0,0.0,0.0,0.0,0.0,0.0,0.0,0.0,0.0,0.0,0.0,0.0,0.0,0.0,1.0,0.0,0.0,0.0,0.0,0.0,0.0,0.0,0.0,0.0,0.0,0.133,0.109,0.07400000000000001,0.062,0.067,0.069,0.106,0.145,0.084,0.053,0.05,0.077
2017-03-20 14:00:00,39.0,0.0,0.0,0.0,0.0,0.0,0.0,0.0,0.0,0.0,0.0,0.0,0.0,0.0,0.0,0.0,1.0,0.0,0.0,0.0,0.0,0.0,0.0,0.0,0.0,0.0,0.057,0.133,0.109,0.07400000000000001,0.062,0.067,0.069,0.106,0.145,0.084,0.053,0.05
2017-03-20 14:30:00,41.0,0.0,0.0,0.0,0.0,0.0,0.0,0.0,0.0,0.0,0.0,0.0,0.0,0.0,0.0,0.0,1.0,0.0,0.0,0.0,0.0,0.0,0.0,0.0,0.0,0.0,0.065,0.057,0.133,0.109,0.07400000000000001,0.062,0.067,0.069,0.106,0.145,0.084,0.053
2017-03-20 15:00:00,41.0,0.0,0.0,0.0,0.0,0.0,0.0,0.0,0.0,0.0,0.0,0.0,0.0,0.0,0.0,0.0,0.0,1.0,0.0,0.0,0.0,0.0,0.0,0.0,0.0,0.0,0.073,0.065,0.057,0.133,0.109,0.07400000000000001,0.062,0.067,0.069,0.106,0.145,0.084
2017-03-20 15:30:00,39.9,0.0,0.0,0.0,0.0,0.0,0.0,0.0,0.0,0.0,0.0,0.0,0.0,0.0,0.0,0.0,0.0,1.0,0.0,0.0,0.0,0.0,0.0,0.0,0.0,0.0,0.07200000000000001,0.073,0.065,0.057,0.133,0.109,0.07400000000000001,0.062,0.067,0.069,0.106,0.145
2017-03-20 16:00:00,39.9,0.0,0.0,0.0,0.0,0.0,0.0,0.0,0.0,0.0,0.0,0.0,0.0,0.0,0.0,0.0,0.0,0.0,1.0,0.0,0.0,0.0,0.0,0.0,0.0,0.0,0.06,0.07200000000000001,0.073,0.065,0.057,0.133,0.109,0.07400000000000001,0.062,0.067,0.069,0.106
2017-03-20 16:30:00,42.1,0.0,0.0,0.0,0.0,0.0,0.0,0.0,0.0,0.0,0.0,0.0,0.0,0.0,0.0,0.0,0.0,0.0,1.0,0.0,0.0,0.0,0.0,0.0,0.0,0.0,0.12300000000000001,0.06,0.07200000000000001,0.073,0.065,0.057,0.133,0.109,0.07400000000000001,0.062,0.067,0.069
2017-03-20 17:00:00,42.1,0.0,0.0,0.0,0.0,0.0,0.0,0.0,0.0,0.0,0.0,0.0,0.0,0.0,0.0,0.0,0.0,0.0,0.0,1.0,0.0,0.0,0.0,0.0,0.0,0.0,0.10099999999999999,0.12300000000000001,0.06,0.07200000000000001,0.073,0.065,0.057,0.133,0.109,0.07400000000000001,0.062,0.067
2017-03-20 17:30:00,42.1,0.0,0.0,0.0,0.0,0.0,0.0,0.0,0.0,0.0,0.0,0.0,0.0,0.0,0.0,0.0,0.0,0.0,0.0,1.0,0.0,0.0,0.0,0.0,0.0,0.0,0.066,0.10099999999999999,0.12300000000000001,0.06,0.07200000000000001,0.073,0.065,0.057,0.133,0.109,0.07400000000000001,0.062
2017-03-20 18:00:00,42.1,0.0,0.0,0.0,0.0,0.0,0.0,0.0,0.0,0.0,0.0,0.0,0.0,0.0,0.0,0.0,0.0,0.0,0.0,0.0,1.0,0.0,0.0,0.0,0.0,0.0,0.049,0.066,0.10099999999999999,0.12300000000000001,0.06,0.07200000000000001,0.073,0.065,0.057,0.133,0.109,0.07400000000000001
2017-03-20 18:30:00,41.0,0.0,0.0,0.0,0.0,0.0,0.0,0.0,0.0,0.0,0.0,0.0,0.0,0.0,0.0,0.0,0.0,0.0,0.0,0.0,1.0,0.0,0.0,0.0,0.0,0.0,0.067,0.049,0.066,0.10099999999999999,0.12300000000000001,0.06,0.07200000000000001,0.073,0.065,0.057,0.133,0.109
2017-03-20 19:00:00,41.0,0.0,0.0,0.0,0.0,0.0,0.0,0.0,0.0,0.0,0.0,0.0,0.0,0.0,0.0,0.0,0.0,0.0,0.0,0.0,0.0,1.0,0.0,0.0,0.0,0.0,0.071,0.067,0.049,0.066,0.10099999999999999,0.12300000000000001,0.06,0.07200000000000001,0.073,0.065,0.057,0.133
2017-03-20 19:30:00,37.9,0.0,0.0,0.0,0.0,0.0,0.0,0.0,0.0,0.0,0.0,0.0,0.0,0.0,0.0,0.0,0.0,0.0,0.0,0.0,0.0,1.0,0.0,0.0,0.0,0.0,0.099,0.071,0.067,0.049,0.066,0.10099999999999999,0.12300000000000001,0.06,0.07200000000000001,0.073,0.065,0.057
2017-03-20 20:00:00,37.9,0.0,0.0,0.0,0.0,0.0,0.0,0.0,0.0,0.0,0.0,0.0,0.0,0.0,0.0,0.0,0.0,0.0,0.0,0.0,0.0,0.0,1.0,0.0,0.0,0.0,0.114,0.099,0.071,0.067,0.049,0.066,0.10099999999999999,0.12300000000000001,0.06,0.07200000000000001,0.073,0.065
2017-03-20 20:30:00,36.0,0.0,0.0,0.0,0.0,0.0,0.0,0.0,0.0,0.0,0.0,0.0,0.0,0.0,0.0,0.0,0.0,0.0,0.0,0.0,0.0,0.0,1.0,0.0,0.0,0.0,0.07,0.114,0.099,0.071,0.067,0.049,0.066,0.10099999999999999,0.12300000000000001,0.06,0.07200000000000001,0.073
2017-03-20 21:00:00,36.0,0.0,0.0,0.0,0.0,0.0,0.0,0.0,0.0,0.0,0.0,0.0,0.0,0.0,0.0,0.0,0.0,0.0,0.0,0.0,0.0,0.0,0.0,1.0,0.0,0.0,0.07200000000000001,0.07,0.114,0.099,0.071,0.067,0.049,0.066,0.10099999999999999,0.12300000000000001,0.06,0.07200000000000001
2017-03-20 21:30:00,34.0,0.0,0.0,0.0,0.0,0.0,0.0,0.0,0.0,0.0,0.0,0.0,0.0,0.0,0.0,0.0,0.0,0.0,0.0,0.0,0.0,0.0,0.0,1.0,0.0,0.0,0.07200000000000001,0.07200000000000001,0.07,0.114,0.099,0.071,0.067,0.049,0.066,0.10099999999999999,0.12300000000000001,0.06
2017-03-20 22:00:00,34.0,0.0,0.0,0.0,0.0,0.0,0.0,0.0,0.0,0.0,0.0,0.0,0.0,0.0,0.0,0.0,0.0,0.0,0.0,0.0,0.0,0.0,0.0,0.0,1.0,0.0,0.07200000000000001,0.07200000000000001,0.07200000000000001,0.07,0.114,0.099,0.071,0.067,0.049,0.066,0.10099999999999999,0.12300000000000001
2017-03-20 22:30:00,32.0,0.0,0.0,0.0,0.0,0.0,0.0,0.0,0.0,0.0,0.0,0.0,0.0,0.0,0.0,0.0,0.0,0.0,0.0,0.0,0.0,0.0,0.0,0.0,1.0,0.0,0.06,0.07200000000000001,0.07200000000000001,0.07200000000000001,0.07,0.114,0.099,0.071,0.067,0.049,0.066,0.10099999999999999
2017-03-20 23:00:00,32.0,0.0,0.0,0.0,0.0,0.0,0.0,0.0,0.0,0.0,0.0,0.0,0.0,0.0,0.0,0.0,0.0,0.0,0.0,0.0,0.0,0.0,0.0,0.0,0.0,1.0,0.146,0.06,0.07200000000000001,0.07200000000000001,0.07200000000000001,0.07,0.114,0.099,0.071,0.067,0.049,0.066
2017-03-20 23:30:00,30.0,0.0,0.0,0.0,0.0,0.0,0.0,0.0,0.0,0.0,0.0,0.0,0.0,0.0,0.0,0.0,0.0,0.0,0.0,0.0,0.0,0.0,0.0,0.0,0.0,1.0,0.159,0.146,0.06,0.07200000000000001,0.07200000000000001,0.07200000000000001,0.07,0.114,0.099,0.071,0.067,0.049
2017-03-21 00:00:00,30.0,0.0,1.0,0.0,0.0,0.0,0.0,0.0,0.0,0.0,0.0,0.0,0.0,0.0,0.0,0.0,0.0,0.0,0.0,0.0,0.0,0.0,0.0,0.0,0.0,0.0,0.11599999999999999,0.159,0.146,0.06,0.07200000000000001,0.07200000000000001,0.07200000000000001,0.07,0.114,0.099,0.071,0.067
2017-03-21 00:30:00,30.0,0.0,1.0,0.0,0.0,0.0,0.0,0.0,0.0,0.0,0.0,0.0,0.0,0.0,0.0,0.0,0.0,0.0,0.0,0.0,0.0,0.0,0.0,0.0,0.0,0.0,0.115,0.11599999999999999,0.159,0.146,0.06,0.07200000000000001,0.07200000000000001,0.07200000000000001,0.07,0.114,0.099,0.071
2017-03-21 01:00:00,30.0,0.0,0.0,1.0,0.0,0.0,0.0,0.0,0.0,0.0,0.0,0.0,0.0,0.0,0.0,0.0,0.0,0.0,0.0,0.0,0.0,0.0,0.0,0.0,0.0,0.0,0.121,0.115,0.11599999999999999,0.159,0.146,0.06,0.07200000000000001,0.07200000000000001,0.07200000000000001,0.07,0.114,0.099
2017-03-21 01:30:00,30.9,0.0,0.0,1.0,0.0,0.0,0.0,0.0,0.0,0.0,0.0,0.0,0.0,0.0,0.0,0.0,0.0,0.0,0.0,0.0,0.0,0.0,0.0,0.0,0.0,0.0,0.11599999999999999,0.121,0.115,0.11599999999999999,0.159,0.146,0.06,0.07200000000000001,0.07200000000000001,0.07200000000000001,0.07,0.114
2017-03-21 02:00:00,30.9,0.0,0.0,0.0,1.0,0.0,0.0,0.0,0.0,0.0,0.0,0.0,0.0,0.0,0.0,0.0,0.0,0.0,0.0,0.0,0.0,0.0,0.0,0.0,0.0,0.0,0.121,0.11599999999999999,0.121,0.115,0.11599999999999999,0.159,0.146,0.06,0.07200000000000001,0.07200000000000001,0.07200000000000001,0.07
2017-03-21 02:30:00,32.0,0.0,0.0,0.0,1.0,0.0,0.0,0.0,0.0,0.0,0.0,0.0,0.0,0.0,0.0,0.0,0.0,0.0,0.0,0.0,0.0,0.0,0.0,0.0,0.0,0.0,0.175,0.121,0.11599999999999999,0.121,0.115,0.11599999999999999,0.159,0.146,0.06,0.07200000000000001,0.07200000000000001,0.07200000000000001
2017-03-21 03:00:00,32.0,0.0,0.0,0.0,0.0,1.0,0.0,0.0,0.0,0.0,0.0,0.0,0.0,0.0,0.0,0.0,0.0,0.0,0.0,0.0,0.0,0.0,0.0,0.0,0.0,0.0,0.125,0.175,0.121,0.11599999999999999,0.121,0.115,0.11599999999999999,0.159,0.146,0.06,0.07200000000000001,0.07200000000000001
2017-03-21 03:30:00,32.0,0.0,0.0,0.0,0.0,1.0,0.0,0.0,0.0,0.0,0.0,0.0,0.0,0.0,0.0,0.0,0.0,0.0,0.0,0.0,0.0,0.0,0.0,0.0,0.0,0.0,0.10400000000000001,0.125,0.175,0.121,0.11599999999999999,0.121,0.115,0.11599999999999999,0.159,0.146,0.06,0.07200000000000001
2017-03-21 04:00:00,32.0,0.0,0.0,0.0,0.0,0.0,1.0,0.0,0.0,0.0,0.0,0.0,0.0,0.0,0.0,0.0,0.0,0.0,0.0,0.0,0.0,0.0,0.0,0.0,0.0,0.0,0.105,0.10400000000000001,0.125,0.175,0.121,0.11599999999999999,0.121,0.115,0.11599999999999999,0.159,0.146,0.06
2017-03-21 04:30:00,30.9,0.0,0.0,0.0,0.0,0.0,1.0,0.0,0.0,0.0,0.0,0.0,0.0,0.0,0.0,0.0,0.0,0.0,0.0,0.0,0.0,0.0,0.0,0.0,0.0,0.0,0.113,0.105,0.10400000000000001,0.125,0.175,0.121,0.11599999999999999,0.121,0.115,0.11599999999999999,0.159,0.146
2017-03-21 05:00:00,30.9,0.0,0.0,0.0,0.0,0.0,0.0,1.0,0.0,0.0,0.0,0.0,0.0,0.0,0.0,0.0,0.0,0.0,0.0,0.0,0.0,0.0,0.0,0.0,0.0,0.0,0.114,0.113,0.105,0.10400000000000001,0.125,0.175,0.121,0.11599999999999999,0.121,0.115,0.11599999999999999,0.159
2017-03-21 05:30:00,28.9,0.0,0.0,0.0,0.0,0.0,0.0,1.0,0.0,0.0,0.0,0.0,0.0,0.0,0.0,0.0,0.0,0.0,0.0,0.0,0.0,0.0,0.0,0.0,0.0,0.0,0.106,0.114,0.113,0.105,0.10400000000000001,0.125,0.175,0.121,0.11599999999999999,0.121,0.115,0.11599999999999999
2017-03-21 06:00:00,28.9,0.0,0.0,0.0,0.0,0.0,0.0,0.0,1.0,0.0,0.0,0.0,0.0,0.0,0.0,0.0,0.0,0.0,0.0,0.0,0.0,0.0,0.0,0.0,0.0,0.0,0.139,0.106,0.114,0.113,0.105,0.10400000000000001,0.125,0.175,0.121,0.11599999999999999,0.121,0.115
2017-03-21 06:30:00,28.9,0.0,0.0,0.0,0.0,0.0,0.0,0.0,1.0,0.0,0.0,0.0,0.0,0.0,0.0,0.0,0.0,0.0,0.0,0.0,0.0,0.0,0.0,0.0,0.0,0.0,0.087,0.139,0.106,0.114,0.113,0.105,0.10400000000000001,0.125,0.175,0.121,0.11599999999999999,0.121
2017-03-21 07:00:00,28.9,0.0,0.0,0.0,0.0,0.0,0.0,0.0,0.0,1.0,0.0,0.0,0.0,0.0,0.0,0.0,0.0,0.0,0.0,0.0,0.0,0.0,0.0,0.0,0.0,0.0,0.075,0.087,0.139,0.106,0.114,0.113,0.105,0.10400000000000001,0.125,0.175,0.121,0.11599999999999999
2017-03-21 07:30:00,32.0,0.0,0.0,0.0,0.0,0.0,0.0,0.0,0.0,1.0,0.0,0.0,0.0,0.0,0.0,0.0,0.0,0.0,0.0,0.0,0.0,0.0,0.0,0.0,0.0,0.0,0.08,0.075,0.087,0.139,0.106,0.114,0.113,0.105,0.10400000000000001,0.125,0.175,0.121
2017-03-21 08:00:00,32.0,0.0,0.0,0.0,0.0,0.0,0.0,0.0,0.0,0.0,1.0,0.0,0.0,0.0,0.0,0.0,0.0,0.0,0.0,0.0,0.0,0.0,0.0,0.0,0.0,0.0,0.073,0.08,0.075,0.087,0.139,0.106,0.114,0.113,0.105,0.10400000000000001,0.125,0.175
2017-03-21 08:30:00,34.0,0.0,0.0,0.0,0.0,0.0,0.0,0.0,0.0,0.0,1.0,0.0,0.0,0.0,0.0,0.0,0.0,0.0,0.0,0.0,0.0,0.0,0.0,0.0,0.0,0.0,0.071,0.073,0.08,0.075,0.087,0.139,0.106,0.114,0.113,0.105,0.10400000000000001,0.125
2017-03-21 09:00:00,34.0,0.0,0.0,0.0,0.0,0.0,0.0,0.0,0.0,0.0,0.0,1.0,0.0,0.0,0.0,0.0,0.0,0.0,0.0,0.0,0.0,0.0,0.0,0.0,0.0,0.0,0.1,0.071,0.073,0.08,0.075,0.087,0.139,0.106,0.114,0.113,0.105,0.10400000000000001
2017-03-21 09:30:00,36.333333,0.0,0.0,0.0,0.0,0.0,0.0,0.0,0.0,0.0,0.0,1.0,0.0,0.0,0.0,0.0,0.0,0.0,0.0,0.0,0.0,0.0,0.0,0.0,0.0,0.0,0.129,0.1,0.071,0.073,0.08,0.075,0.087,0.139,0.106,0.114,0.113,0.105
2017-03-21 10:00:00,36.333333,0.0,0.0,0.0,0.0,0.0,0.0,0.0,0.0,0.0,0.0,0.0,1.0,0.0,0.0,0.0,0.0,0.0,0.0,0.0,0.0,0.0,0.0,0.0,0.0,0.0,0.076,0.129,0.1,0.071,0.073,0.08,0.075,0.087,0.139,0.106,0.114,0.113
2017-03-21 10:30:00,39.0,0.0,0.0,0.0,0.0,0.0,0.0,0.0,0.0,0.0,0.0,0.0,1.0,0.0,0.0,0.0,0.0,0.0,0.0,0.0,0.0,0.0,0.0,0.0,0.0,0.0,0.07,0.076,0.129,0.1,0.071,0.073,0.08,0.075,0.087,0.139,0.106,0.114
2017-03-21 11:00:00,39.0,0.0,0.0,0.0,0.0,0.0,0.0,0.0,0.0,0.0,0.0,0.0,0.0,1.0,0.0,0.0,0.0,0.0,0.0,0.0,0.0,0.0,0.0,0.0,0.0,0.0,0.071,0.07,0.076,0.129,0.1,0.071,0.073,0.08,0.075,0.087,0.139,0.106
2017-03-21 11:30:00,39.45,0.0,0.0,0.0,0.0,0.0,0.0,0.0,0.0,0.0,0.0,0.0,0.0,1.0,0.0,0.0,0.0,0.0,0.0,0.0,0.0,0.0,0.0,0.0,0.0,0.0,0.07200000000000001,0.071,0.07,0.076,0.129,0.1,0.071,0.073,0.08,0.075,0.087,0.139
2017-03-21 12:00:00,39.45,0.0,0.0,0.0,0.0,0.0,0.0,0.0,0.0,0.0,0.0,0.0,0.0,0.0,1.0,0.0,0.0,0.0,0.0,0.0,0.0,0.0,0.0,0.0,0.0,0.0,0.07,0.07200000000000001,0.071,0.07,0.076,0.129,0.1,0.071,0.073,0.08,0.075,0.087
2017-03-21 12:30:00,42.1,0.0,0.0,0.0,0.0,0.0,0.0,0.0,0.0,0.0,0.0,0.0,0.0,0.0,1.0,0.0,0.0,0.0,0.0,0.0,0.0,0.0,0.0,0.0,0.0,0.0,0.10800000000000001,0.07,0.07200000000000001,0.071,0.07,0.076,0.129,0.1,0.071,0.073,0.08,0.075
2017-03-21 13:00:00,42.1,0.0,0.0,0.0,0.0,0.0,0.0,0.0,0.0,0.0,0.0,0.0,0.0,0.0,0.0,1.0,0.0,0.0,0.0,0.0,0.0,0.0,0.0,0.0,0.0,0.0,0.115,0.10800000000000001,0.07,0.07200000000000001,0.071,0.07,0.076,0.129,0.1,0.071,0.073,0.08
2017-03-21 13:30:00,42.55,0.0,0.0,0.0,0.0,0.0,0.0,0.0,0.0,0.0,0.0,0.0,0.0,0.0,0.0,1.0,0.0,0.0,0.0,0.0,0.0,0.0,0.0,0.0,0.0,0.0,0.063,0.115,0.10800000000000001,0.07,0.07200000000000001,0.071,0.07,0.076,0.129,0.1,0.071,0.073
2017-03-21 14:00:00,42.55,0.0,0.0,0.0,0.0,0.0,0.0,0.0,0.0,0.0,0.0,0.0,0.0,0.0,0.0,0.0,1.0,0.0,0.0,0.0,0.0,0.0,0.0,0.0,0.0,0.0,0.07,0.063,0.115,0.10800000000000001,0.07,0.07200000000000001,0.071,0.07,0.076,0.129,0.1,0.071
2017-03-21 14:30:00,45.0,0.0,0.0,0.0,0.0,0.0,0.0,0.0,0.0,0.0,0.0,0.0,0.0,0.0,0.0,0.0,1.0,0.0,0.0,0.0,0.0,0.0,0.0,0.0,0.0,0.0,0.07200000000000001,0.07,0.063,0.115,0.10800000000000001,0.07,0.07200000000000001,0.071,0.07,0.076,0.129,0.1
2017-03-21 15:00:00,45.0,0.0,0.0,0.0,0.0,0.0,0.0,0.0,0.0,0.0,0.0,0.0,0.0,0.0,0.0,0.0,0.0,1.0,0.0,0.0,0.0,0.0,0.0,0.0,0.0,0.0,0.068,0.07200000000000001,0.07,0.063,0.115,0.10800000000000001,0.07,0.07200000000000001,0.071,0.07,0.076,0.129
2017-03-21 15:30:00,42.1,0.0,0.0,0.0,0.0,0.0,0.0,0.0,0.0,0.0,0.0,0.0,0.0,0.0,0.0,0.0,0.0,1.0,0.0,0.0,0.0,0.0,0.0,0.0,0.0,0.0,0.065,0.068,0.07200000000000001,0.07,0.063,0.115,0.10800000000000001,0.07,0.07200000000000001,0.071,0.07,0.076
2017-03-21 16:00:00,42.1,0.0,0.0,0.0,0.0,0.0,0.0,0.0,0.0,0.0,0.0,0.0,0.0,0.0,0.0,0.0,0.0,0.0,1.0,0.0,0.0,0.0,0.0,0.0,0.0,0.0,0.106,0.065,0.068,0.07200000000000001,0.07,0.063,0.115,0.10800000000000001,0.07,0.07200000000000001,0.071,0.07
2017-03-21 16:30:00,45.0,0.0,0.0,0.0,0.0,0.0,0.0,0.0,0.0,0.0,0.0,0.0,0.0,0.0,0.0,0.0,0.0,0.0,1.0,0.0,0.0,0.0,0.0,0.0,0.0,0.0,0.11,0.106,0.065,0.068,0.07200000000000001,0.07,0.063,0.115,0.10800000000000001,0.07,0.07200000000000001,0.071
2017-03-21 17:00:00,45.0,0.0,0.0,0.0,0.0,0.0,0.0,0.0,0.0,0.0,0.0,0.0,0.0,0.0,0.0,0.0,0.0,0.0,0.0,1.0,0.0,0.0,0.0,0.0,0.0,0.0,0.071,0.11,0.106,0.065,0.068,0.07200000000000001,0.07,0.063,0.115,0.10800000000000001,0.07,0.07200000000000001
2017-03-21 17:30:00,44.1,0.0,0.0,0.0,0.0,0.0,0.0,0.0,0.0,0.0,0.0,0.0,0.0,0.0,0.0,0.0,0.0,0.0,0.0,1.0,0.0,0.0,0.0,0.0,0.0,0.0,0.066,0.071,0.11,0.106,0.065,0.068,0.07200000000000001,0.07,0.063,0.115,0.10800000000000001,0.07
2017-03-21 18:00:00,44.1,0.0,0.0,0.0,0.0,0.0,0.0,0.0,0.0,0.0,0.0,0.0,0.0,0.0,0.0,0.0,0.0,0.0,0.0,0.0,1.0,0.0,0.0,0.0,0.0,0.0,0.05,0.066,0.071,0.11,0.106,0.065,0.068,0.07200000000000001,0.07,0.063,0.115,0.10800000000000001
2017-03-21 18:30:00,37.9,0.0,0.0,0.0,0.0,0.0,0.0,0.0,0.0,0.0,0.0,0.0,0.0,0.0,0.0,0.0,0.0,0.0,0.0,0.0,1.0,0.0,0.0,0.0,0.0,0.0,0.067,0.05,0.066,0.071,0.11,0.106,0.065,0.068,0.07200000000000001,0.07,0.063,0.115
2017-03-21 19:00:00,37.9,0.0,0.0,0.0,0.0,0.0,0.0,0.0,0.0,0.0,0.0,0.0,0.0,0.0,0.0,0.0,0.0,0.0,0.0,0.0,0.0,1.0,0.0,0.0,0.0,0.0,0.091,0.067,0.05,0.066,0.071,0.11,0.106,0.065,0.068,0.07200000000000001,0.07,0.063
2017-03-21 19:30:00,37.0,0.0,0.0,0.0,0.0,0.0,0.0,0.0,0.0,0.0,0.0,0.0,0.0,0.0,0.0,0.0,0.0,0.0,0.0,0.0,0.0,1.0,0.0,0.0,0.0,0.0,0.128,0.091,0.067,0.05,0.066,0.071,0.11,0.106,0.065,0.068,0.07200000000000001,0.07
2017-03-21 20:00:00,37.0,0.0,0.0,0.0,0.0,0.0,0.0,0.0,0.0,0.0,0.0,0.0,0.0,0.0,0.0,0.0,0.0,0.0,0.0,0.0,0.0,0.0,1.0,0.0,0.0,0.0,0.066,0.128,0.091,0.067,0.05,0.066,0.071,0.11,0.106,0.065,0.068,0.07200000000000001
2017-03-21 20:30:00,37.9,0.0,0.0,0.0,0.0,0.0,0.0,0.0,0.0,0.0,0.0,0.0,0.0,0.0,0.0,0.0,0.0,0.0,0.0,0.0,0.0,0.0,1.0,0.0,0.0,0.0,0.068,0.066,0.128,0.091,0.067,0.05,0.066,0.071,0.11,0.106,0.065,0.068
2017-03-21 21:00:00,37.9,0.0,0.0,0.0,0.0,0.0,0.0,0.0,0.0,0.0,0.0,0.0,0.0,0.0,0.0,0.0,0.0,0.0,0.0,0.0,0.0,0.0,0.0,1.0,0.0,0.0,0.071,0.068,0.066,0.128,0.091,0.067,0.05,0.066,0.071,0.11,0.106,0.065
2017-03-21 21:30:00,37.0,0.0,0.0,0.0,0.0,0.0,0.0,0.0,0.0,0.0,0.0,0.0,0.0,0.0,0.0,0.0,0.0,0.0,0.0,0.0,0.0,0.0,0.0,1.0,0.0,0.0,0.129,0.071,0.068,0.066,0.128,0.091,0.067,0.05,0.066,0.071,0.11,0.106
2017-03-21 22:00:00,37.0,0.0,0.0,0.0,0.0,0.0,0.0,0.0,0.0,0.0,0.0,0.0,0.0,0.0,0.0,0.0,0.0,0.0,0.0,0.0,0.0,0.0,0.0,0.0,1.0,0.0,0.121,0.129,0.071,0.068,0.066,0.128,0.091,0.067,0.05,0.066,0.071,0.11
2017-03-21 22:30:00,37.0,0.0,0.0,0.0,0.0,0.0,0.0,0.0,0.0,0.0,0.0,0.0,0.0,0.0,0.0,0.0,0.0,0.0,0.0,0.0,0.0,0.0,0.0,0.0,1.0,0.0,0.165,0.121,0.129,0.071,0.068,0.066,0.128,0.091,0.067,0.05,0.066,0.071
2017-03-21 23:00:00,37.0,0.0,0.0,0.0,0.0,0.0,0.0,0.0,0.0,0.0,0.0,0.0,0.0,0.0,0.0,0.0,0.0,0.0,0.0,0.0,0.0,0.0,0.0,0.0,0.0,1.0,0.187,0.165,0.121,0.129,0.071,0.068,0.066,0.128,0.091,0.067,0.05,0.066
2017-03-21 23:30:00,37.0,0.0,0.0,0.0,0.0,0.0,0.0,0.0,0.0,0.0,0.0,0.0,0.0,0.0,0.0,0.0,0.0,0.0,0.0,0.0,0.0,0.0,0.0,0.0,0.0,1.0,0.135,0.187,0.165,0.121,0.129,0.071,0.068,0.066,0.128,0.091,0.067,0.05
2017-03-22 00:00:00,37.0,0.0,1.0,0.0,0.0,0.0,0.0,0.0,0.0,0.0,0.0,0.0,0.0,0.0,0.0,0.0,0.0,0.0,0.0,0.0,0.0,0.0,0.0,0.0,0.0,0.0,0.131,0.135,0.187,0.165,0.121,0.129,0.071,0.068,0.066,0.128,0.091,0.067
2017-03-22 00:30:00,36.0,0.0,1.0,0.0,0.0,0.0,0.0,0.0,0.0,0.0,0.0,0.0,0.0,0.0,0.0,0.0,0.0,0.0,0.0,0.0,0.0,0.0,0.0,0.0,0.0,0.0,0.124,0.131,0.135,0.187,0.165,0.121,0.129,0.071,0.068,0.066,0.128,0.091
2017-03-22 01:00:00,36.0,0.0,0.0,1.0,0.0,0.0,0.0,0.0,0.0,0.0,0.0,0.0,0.0,0.0,0.0,0.0,0.0,0.0,0.0,0.0,0.0,0.0,0.0,0.0,0.0,0.0,0.122,0.124,0.131,0.135,0.187,0.165,0.121,0.129,0.071,0.068,0.066,0.128
2017-03-22 01:30:00,36.0,0.0,0.0,1.0,0.0,0.0,0.0,0.0,0.0,0.0,0.0,0.0,0.0,0.0,0.0,0.0,0.0,0.0,0.0,0.0,0.0,0.0,0.0,0.0,0.0,0.0,0.13699999999999998,0.122,0.124,0.131,0.135,0.187,0.165,0.121,0.129,0.071,0.068,0.066
2017-03-22 02:00:00,36.0,0.0,0.0,0.0,1.0,0.0,0.0,0.0,0.0,0.0,0.0,0.0,0.0,0.0,0.0,0.0,0.0,0.0,0.0,0.0,0.0,0.0,0.0,0.0,0.0,0.0,0.198,0.13699999999999998,0.122,0.124,0.131,0.135,0.187,0.165,0.121,0.129,0.071,0.068
2017-03-22 02:30:00,34.0,0.0,0.0,0.0,1.0,0.0,0.0,0.0,0.0,0.0,0.0,0.0,0.0,0.0,0.0,0.0,0.0,0.0,0.0,0.0,0.0,0.0,0.0,0.0,0.0,0.0,0.158,0.198,0.13699999999999998,0.122,0.124,0.131,0.135,0.187,0.165,0.121,0.129,0.071
2017-03-22 03:00:00,34.0,0.0,0.0,0.0,0.0,1.0,0.0,0.0,0.0,0.0,0.0,0.0,0.0,0.0,0.0,0.0,0.0,0.0,0.0,0.0,0.0,0.0,0.0,0.0,0.0,0.0,0.113,0.158,0.198,0.13699999999999998,0.122,0.124,0.131,0.135,0.187,0.165,0.121,0.129
2017-03-22 03:30:00,34.0,0.0,0.0,0.0,0.0,1.0,0.0,0.0,0.0,0.0,0.0,0.0,0.0,0.0,0.0,0.0,0.0,0.0,0.0,0.0,0.0,0.0,0.0,0.0,0.0,0.0,0.107,0.113,0.158,0.198,0.13699999999999998,0.122,0.124,0.131,0.135,0.187,0.165,0.121
2017-03-22 04:00:00,34.0,0.0,0.0,0.0,0.0,0.0,1.0,0.0,0.0,0.0,0.0,0.0,0.0,0.0,0.0,0.0,0.0,0.0,0.0,0.0,0.0,0.0,0.0,0.0,0.0,0.0,0.109,0.107,0.113,0.158,0.198,0.13699999999999998,0.122,0.124,0.131,0.135,0.187,0.165
2017-03-22 04:30:00,34.0,0.0,0.0,0.0,0.0,0.0,1.0,0.0,0.0,0.0,0.0,0.0,0.0,0.0,0.0,0.0,0.0,0.0,0.0,0.0,0.0,0.0,0.0,0.0,0.0,0.0,0.10800000000000001,0.109,0.107,0.113,0.158,0.198,0.13699999999999998,0.122,0.124,0.131,0.135,0.187
2017-03-22 05:00:00,34.0,0.0,0.0,0.0,0.0,0.0,0.0,1.0,0.0,0.0,0.0,0.0,0.0,0.0,0.0,0.0,0.0,0.0,0.0,0.0,0.0,0.0,0.0,0.0,0.0,0.0,0.146,0.10800000000000001,0.109,0.107,0.113,0.158,0.198,0.13699999999999998,0.122,0.124,0.131,0.135
2017-03-22 05:30:00,36.0,0.0,0.0,0.0,0.0,0.0,0.0,1.0,0.0,0.0,0.0,0.0,0.0,0.0,0.0,0.0,0.0,0.0,0.0,0.0,0.0,0.0,0.0,0.0,0.0,0.0,0.192,0.146,0.10800000000000001,0.109,0.107,0.113,0.158,0.198,0.13699999999999998,0.122,0.124,0.131
2017-03-22 06:00:00,36.0,0.0,0.0,0.0,0.0,0.0,0.0,0.0,1.0,0.0,0.0,0.0,0.0,0.0,0.0,0.0,0.0,0.0,0.0,0.0,0.0,0.0,0.0,0.0,0.0,0.0,0.133,0.192,0.146,0.10800000000000001,0.109,0.107,0.113,0.158,0.198,0.13699999999999998,0.122,0.124
2017-03-22 06:30:00,37.0,0.0,0.0,0.0,0.0,0.0,0.0,0.0,1.0,0.0,0.0,0.0,0.0,0.0,0.0,0.0,0.0,0.0,0.0,0.0,0.0,0.0,0.0,0.0,0.0,0.0,0.133,0.133,0.192,0.146,0.10800000000000001,0.109,0.107,0.113,0.158,0.198,0.13699999999999998,0.122
2017-03-22 07:00:00,37.0,0.0,0.0,0.0,0.0,0.0,0.0,0.0,0.0,1.0,0.0,0.0,0.0,0.0,0.0,0.0,0.0,0.0,0.0,0.0,0.0,0.0,0.0,0.0,0.0,0.0,0.132,0.133,0.133,0.192,0.146,0.10800000000000001,0.109,0.107,0.113,0.158,0.198,0.13699999999999998
2017-03-22 07:30:00,37.9,0.0,0.0,0.0,0.0,0.0,0.0,0.0,0.0,1.0,0.0,0.0,0.0,0.0,0.0,0.0,0.0,0.0,0.0,0.0,0.0,0.0,0.0,0.0,0.0,0.0,0.10800000000000001,0.132,0.133,0.133,0.192,0.146,0.10800000000000001,0.109,0.107,0.113,0.158,0.198
2017-03-22 08:00:00,37.9,0.0,0.0,0.0,0.0,0.0,0.0,0.0,0.0,0.0,1.0,0.0,0.0,0.0,0.0,0.0,0.0,0.0,0.0,0.0,0.0,0.0,0.0,0.0,0.0,0.0,0.12,0.10800000000000001,0.132,0.133,0.133,0.192,0.146,0.10800000000000001,0.109,0.107,0.113,0.158
2017-03-22 08:30:00,41.0,0.0,0.0,0.0,0.0,0.0,0.0,0.0,0.0,0.0,1.0,0.0,0.0,0.0,0.0,0.0,0.0,0.0,0.0,0.0,0.0,0.0,0.0,0.0,0.0,0.0,0.18899999999999997,0.12,0.10800000000000001,0.132,0.133,0.133,0.192,0.146,0.10800000000000001,0.109,0.107,0.113
2017-03-22 09:00:00,41.0,0.0,0.0,0.0,0.0,0.0,0.0,0.0,0.0,0.0,0.0,1.0,0.0,0.0,0.0,0.0,0.0,0.0,0.0,0.0,0.0,0.0,0.0,0.0,0.0,0.0,0.201,0.18899999999999997,0.12,0.10800000000000001,0.132,0.133,0.133,0.192,0.146,0.10800000000000001,0.109,0.107
2017-03-22 09:30:00,43.0,0.0,0.0,0.0,0.0,0.0,0.0,0.0,0.0,0.0,0.0,1.0,0.0,0.0,0.0,0.0,0.0,0.0,0.0,0.0,0.0,0.0,0.0,0.0,0.0,0.0,0.21899999999999997,0.201,0.18899999999999997,0.12,0.10800000000000001,0.132,0.133,0.133,0.192,0.146,0.10800000000000001,0.109
2017-03-22 10:00:00,43.0,0.0,0.0,0.0,0.0,0.0,0.0,0.0,0.0,0.0,0.0,0.0,1.0,0.0,0.0,0.0,0.0,0.0,0.0,0.0,0.0,0.0,0.0,0.0,0.0,0.0,0.21,0.21899999999999997,0.201,0.18899999999999997,0.12,0.10800000000000001,0.132,0.133,0.133,0.192,0.146,0.10800000000000001
2017-03-22 10:30:00,48.0,0.0,0.0,0.0,0.0,0.0,0.0,0.0,0.0,0.0,0.0,0.0,1.0,0.0,0.0,0.0,0.0,0.0,0.0,0.0,0.0,0.0,0.0,0.0,0.0,0.0,0.16399999999999998,0.21,0.21899999999999997,0.201,0.18899999999999997,0.12,0.10800000000000001,0.132,0.133,0.133,0.192,0.146
2017-03-22 11:00:00,48.0,0.0,0.0,0.0,0.0,0.0,0.0,0.0,0.0,0.0,0.0,0.0,0.0,1.0,0.0,0.0,0.0,0.0,0.0,0.0,0.0,0.0,0.0,0.0,0.0,0.0,0.147,0.16399999999999998,0.21,0.21899999999999997,0.201,0.18899999999999997,0.12,0.10800000000000001,0.132,0.133,0.133,0.192
2017-03-22 11:30:00,52.0,0.0,0.0,0.0,0.0,0.0,0.0,0.0,0.0,0.0,0.0,0.0,0.0,1.0,0.0,0.0,0.0,0.0,0.0,0.0,0.0,0.0,0.0,0.0,0.0,0.0,0.136,0.147,0.16399999999999998,0.21,0.21899999999999997,0.201,0.18899999999999997,0.12,0.10800000000000001,0.132,0.133,0.133
2017-03-22 12:00:00,52.0,0.0,0.0,0.0,0.0,0.0,0.0,0.0,0.0,0.0,0.0,0.0,0.0,0.0,1.0,0.0,0.0,0.0,0.0,0.0,0.0,0.0,0.0,0.0,0.0,0.0,0.133,0.136,0.147,0.16399999999999998,0.21,0.21899999999999997,0.201,0.18899999999999997,0.12,0.10800000000000001,0.132,0.133
2017-03-22 12:30:00,54.0,0.0,0.0,0.0,0.0,0.0,0.0,0.0,0.0,0.0,0.0,0.0,0.0,0.0,1.0,0.0,0.0,0.0,0.0,0.0,0.0,0.0,0.0,0.0,0.0,0.0,0.13,0.133,0.136,0.147,0.16399999999999998,0.21,0.21899999999999997,0.201,0.18899999999999997,0.12,0.10800000000000001,0.132
2017-03-22 13:00:00,54.0,0.0,0.0,0.0,0.0,0.0,0.0,0.0,0.0,0.0,0.0,0.0,0.0,0.0,0.0,1.0,0.0,0.0,0.0,0.0,0.0,0.0,0.0,0.0,0.0,0.0,0.18100000000000002,0.13,0.133,0.136,0.147,0.16399999999999998,0.21,0.21899999999999997,0.201,0.18899999999999997,0.12,0.10800000000000001
2017-03-22 13:30:00,55.0,0.0,0.0,0.0,0.0,0.0,0.0,0.0,0.0,0.0,0.0,0.0,0.0,0.0,0.0,1.0,0.0,0.0,0.0,0.0,0.0,0.0,0.0,0.0,0.0,0.0,1.518,0.18100000000000002,0.13,0.133,0.136,0.147,0.16399999999999998,0.21,0.21899999999999997,0.201,0.18899999999999997,0.12
2017-03-22 14:00:00,55.0,0.0,0.0,0.0,0.0,0.0,0.0,0.0,0.0,0.0,0.0,0.0,0.0,0.0,0.0,0.0,1.0,0.0,0.0,0.0,0.0,0.0,0.0,0.0,0.0,0.0,1.0590000000000002,1.518,0.18100000000000002,0.13,0.133,0.136,0.147,0.16399999999999998,0.21,0.21899999999999997,0.201,0.18899999999999997
2017-03-22 14:30:00,54.0,0.0,0.0,0.0,0.0,0.0,0.0,0.0,0.0,0.0,0.0,0.0,0.0,0.0,0.0,0.0,1.0,0.0,0.0,0.0,0.0,0.0,0.0,0.0,0.0,0.0,0.155,1.0590000000000002,1.518,0.18100000000000002,0.13,0.133,0.136,0.147,0.16399999999999998,0.21,0.21899999999999997,0.201
2017-03-22 15:00:00,54.0,0.0,0.0,0.0,0.0,0.0,0.0,0.0,0.0,0.0,0.0,0.0,0.0,0.0,0.0,0.0,0.0,1.0,0.0,0.0,0.0,0.0,0.0,0.0,0.0,0.0,0.028999999999999998,0.155,1.0590000000000002,1.518,0.18100000000000002,0.13,0.133,0.136,0.147,0.16399999999999998,0.21,0.21899999999999997
2017-03-22 15:30:00,48.9,0.0,0.0,0.0,0.0,0.0,0.0,0.0,0.0,0.0,0.0,0.0,0.0,0.0,0.0,0.0,0.0,1.0,0.0,0.0,0.0,0.0,0.0,0.0,0.0,0.0,0.042,0.028999999999999998,0.155,1.0590000000000002,1.518,0.18100000000000002,0.13,0.133,0.136,0.147,0.16399999999999998,0.21
2017-03-22 16:00:00,48.9,0.0,0.0,0.0,0.0,0.0,0.0,0.0,0.0,0.0,0.0,0.0,0.0,0.0,0.0,0.0,0.0,0.0,1.0,0.0,0.0,0.0,0.0,0.0,0.0,0.0,0.09699999999999999,0.042,0.028999999999999998,0.155,1.0590000000000002,1.518,0.18100000000000002,0.13,0.133,0.136,0.147,0.16399999999999998
2017-03-22 16:30:00,48.0,0.0,0.0,0.0,0.0,0.0,0.0,0.0,0.0,0.0,0.0,0.0,0.0,0.0,0.0,0.0,0.0,0.0,1.0,0.0,0.0,0.0,0.0,0.0,0.0,0.0,0.067,0.09699999999999999,0.042,0.028999999999999998,0.155,1.0590000000000002,1.518,0.18100000000000002,0.13,0.133,0.136,0.147
2017-03-22 17:00:00,48.0,0.0,0.0,0.0,0.0,0.0,0.0,0.0,0.0,0.0,0.0,0.0,0.0,0.0,0.0,0.0,0.0,0.0,0.0,1.0,0.0,0.0,0.0,0.0,0.0,0.0,0.046,0.067,0.09699999999999999,0.042,0.028999999999999998,0.155,1.0590000000000002,1.518,0.18100000000000002,0.13,0.133,0.136
2017-03-22 17:30:00,48.0,0.0,0.0,0.0,0.0,0.0,0.0,0.0,0.0,0.0,0.0,0.0,0.0,0.0,0.0,0.0,0.0,0.0,0.0,1.0,0.0,0.0,0.0,0.0,0.0,0.0,0.03,0.046,0.067,0.09699999999999999,0.042,0.028999999999999998,0.155,1.0590000000000002,1.518,0.18100000000000002,0.13,0.133
2017-03-22 18:00:00,48.0,0.0,0.0,0.0,0.0,0.0,0.0,0.0,0.0,0.0,0.0,0.0,0.0,0.0,0.0,0.0,0.0,0.0,0.0,0.0,1.0,0.0,0.0,0.0,0.0,0.0,0.038,0.03,0.046,0.067,0.09699999999999999,0.042,0.028999999999999998,0.155,1.0590000000000002,1.518,0.18100000000000002,0.13
2017-03-22 18:30:00,45.0,0.0,0.0,0.0,0.0,0.0,0.0,0.0,0.0,0.0,0.0,0.0,0.0,0.0,0.0,0.0,0.0,0.0,0.0,0.0,1.0,0.0,0.0,0.0,0.0,0.0,0.05,0.038,0.03,0.046,0.067,0.09699999999999999,0.042,0.028999999999999998,0.155,1.0590000000000002,1.518,0.18100000000000002
2017-03-22 19:00:00,45.0,0.0,0.0,0.0,0.0,0.0,0.0,0.0,0.0,0.0,0.0,0.0,0.0,0.0,0.0,0.0,0.0,0.0,0.0,0.0,0.0,1.0,0.0,0.0,0.0,0.0,0.08800000000000001,0.05,0.038,0.03,0.046,0.067,0.09699999999999999,0.042,0.028999999999999998,0.155,1.0590000000000002,1.518
2017-03-22 19:30:00,44.1,0.0,0.0,0.0,0.0,0.0,0.0,0.0,0.0,0.0,0.0,0.0,0.0,0.0,0.0,0.0,0.0,0.0,0.0,0.0,0.0,1.0,0.0,0.0,0.0,0.0,0.064,0.08800000000000001,0.05,0.038,0.03,0.046,0.067,0.09699999999999999,0.042,0.028999999999999998,0.155,1.0590000000000002
2017-03-22 20:00:00,44.1,0.0,0.0,0.0,0.0,0.0,0.0,0.0,0.0,0.0,0.0,0.0,0.0,0.0,0.0,0.0,0.0,0.0,0.0,0.0,0.0,0.0,1.0,0.0,0.0,0.0,0.035,0.064,0.08800000000000001,0.05,0.038,0.03,0.046,0.067,0.09699999999999999,0.042,0.028999999999999998,0.155
2017-03-22 20:30:00,43.0,0.0,0.0,0.0,0.0,0.0,0.0,0.0,0.0,0.0,0.0,0.0,0.0,0.0,0.0,0.0,0.0,0.0,0.0,0.0,0.0,0.0,1.0,0.0,0.0,0.0,0.031,0.035,0.064,0.08800000000000001,0.05,0.038,0.03,0.046,0.067,0.09699999999999999,0.042,0.028999999999999998
2017-03-22 21:00:00,43.0,0.0,0.0,0.0,0.0,0.0,0.0,0.0,0.0,0.0,0.0,0.0,0.0,0.0,0.0,0.0,0.0,0.0,0.0,0.0,0.0,0.0,0.0,1.0,0.0,0.0,0.042,0.031,0.035,0.064,0.08800000000000001,0.05,0.038,0.03,0.046,0.067,0.09699999999999999,0.042
2017-03-22 21:30:00,39.9,0.0,0.0,0.0,0.0,0.0,0.0,0.0,0.0,0.0,0.0,0.0,0.0,0.0,0.0,0.0,0.0,0.0,0.0,0.0,0.0,0.0,0.0,1.0,0.0,0.0,0.106,0.042,0.031,0.035,0.064,0.08800000000000001,0.05,0.038,0.03,0.046,0.067,0.09699999999999999
2017-03-22 22:00:00,39.9,0.0,0.0,0.0,0.0,0.0,0.0,0.0,0.0,0.0,0.0,0.0,0.0,0.0,0.0,0.0,0.0,0.0,0.0,0.0,0.0,0.0,0.0,0.0,1.0,0.0,0.135,0.106,0.042,0.031,0.035,0.064,0.08800000000000001,0.05,0.038,0.03,0.046,0.067
2017-03-22 22:30:00,39.0,0.0,0.0,0.0,0.0,0.0,0.0,0.0,0.0,0.0,0.0,0.0,0.0,0.0,0.0,0.0,0.0,0.0,0.0,0.0,0.0,0.0,0.0,0.0,1.0,0.0,0.098,0.135,0.106,0.042,0.031,0.035,0.064,0.08800000000000001,0.05,0.038,0.03,0.046
2017-03-22 23:00:00,39.0,0.0,0.0,0.0,0.0,0.0,0.0,0.0,0.0,0.0,0.0,0.0,0.0,0.0,0.0,0.0,0.0,0.0,0.0,0.0,0.0,0.0,0.0,0.0,0.0,1.0,0.213,0.098,0.135,0.106,0.042,0.031,0.035,0.064,0.08800000000000001,0.05,0.038,0.03
2017-03-22 23:30:00,37.9,0.0,0.0,0.0,0.0,0.0,0.0,0.0,0.0,0.0,0.0,0.0,0.0,0.0,0.0,0.0,0.0,0.0,0.0,0.0,0.0,0.0,0.0,0.0,0.0,1.0,0.322,0.213,0.098,0.135,0.106,0.042,0.031,0.035,0.064,0.08800000000000001,0.05,0.038
2017-03-23 00:00:00,37.9,0.0,1.0,0.0,0.0,0.0,0.0,0.0,0.0,0.0,0.0,0.0,0.0,0.0,0.0,0.0,0.0,0.0,0.0,0.0,0.0,0.0,0.0,0.0,0.0,0.0,0.175,0.322,0.213,0.098,0.135,0.106,0.042,0.031,0.035,0.064,0.08800000000000001,0.05
2017-03-23 00:30:00,37.9,0.0,1.0,0.0,0.0,0.0,0.0,0.0,0.0,0.0,0.0,0.0,0.0,0.0,0.0,0.0,0.0,0.0,0.0,0.0,0.0,0.0,0.0,0.0,0.0,0.0,0.121,0.175,0.322,0.213,0.098,0.135,0.106,0.042,0.031,0.035,0.064,0.08800000000000001
2017-03-23 01:00:00,37.9,0.0,0.0,1.0,0.0,0.0,0.0,0.0,0.0,0.0,0.0,0.0,0.0,0.0,0.0,0.0,0.0,0.0,0.0,0.0,0.0,0.0,0.0,0.0,0.0,0.0,0.105,0.121,0.175,0.322,0.213,0.098,0.135,0.106,0.042,0.031,0.035,0.064
2017-03-23 01:30:00,37.9,0.0,0.0,1.0,0.0,0.0,0.0,0.0,0.0,0.0,0.0,0.0,0.0,0.0,0.0,0.0,0.0,0.0,0.0,0.0,0.0,0.0,0.0,0.0,0.0,0.0,0.096,0.105,0.121,0.175,0.322,0.213,0.098,0.135,0.106,0.042,0.031,0.035
2017-03-23 02:00:00,37.9,0.0,0.0,0.0,1.0,0.0,0.0,0.0,0.0,0.0,0.0,0.0,0.0,0.0,0.0,0.0,0.0,0.0,0.0,0.0,0.0,0.0,0.0,0.0,0.0,0.0,0.106,0.096,0.105,0.121,0.175,0.322,0.213,0.098,0.135,0.106,0.042,0.031
2017-03-23 02:30:00,37.0,0.0,0.0,0.0,1.0,0.0,0.0,0.0,0.0,0.0,0.0,0.0,0.0,0.0,0.0,0.0,0.0,0.0,0.0,0.0,0.0,0.0,0.0,0.0,0.0,0.0,0.094,0.106,0.096,0.105,0.121,0.175,0.322,0.213,0.098,0.135,0.106,0.042
2017-03-23 03:00:00,37.0,0.0,0.0,0.0,0.0,1.0,0.0,0.0,0.0,0.0,0.0,0.0,0.0,0.0,0.0,0.0,0.0,0.0,0.0,0.0,0.0,0.0,0.0,0.0,0.0,0.0,0.12,0.094,0.106,0.096,0.105,0.121,0.175,0.322,0.213,0.098,0.135,0.106
2017-03-23 03:30:00,37.0,0.0,0.0,0.0,0.0,1.0,0.0,0.0,0.0,0.0,0.0,0.0,0.0,0.0,0.0,0.0,0.0,0.0,0.0,0.0,0.0,0.0,0.0,0.0,0.0,0.0,0.11199999999999999,0.12,0.094,0.106,0.096,0.105,0.121,0.175,0.322,0.213,0.098,0.135
2017-03-23 04:00:00,37.0,0.0,0.0,0.0,0.0,0.0,1.0,0.0,0.0,0.0,0.0,0.0,0.0,0.0,0.0,0.0,0.0,0.0,0.0,0.0,0.0,0.0,0.0,0.0,0.0,0.0,0.062,0.11199999999999999,0.12,0.094,0.106,0.096,0.105,0.121,0.175,0.322,0.213,0.098
2017-03-23 04:30:00,36.0,0.0,0.0,0.0,0.0,0.0,1.0,0.0,0.0,0.0,0.0,0.0,0.0,0.0,0.0,0.0,0.0,0.0,0.0,0.0,0.0,0.0,0.0,0.0,0.0,0.0,0.07,0.062,0.11199999999999999,0.12,0.094,0.106,0.096,0.105,0.121,0.175,0.322,0.213
2017-03-23 05:00:00,36.0,0.0,0.0,0.0,0.0,0.0,0.0,1.0,0.0,0.0,0.0,0.0,0.0,0.0,0.0,0.0,0.0,0.0,0.0,0.0,0.0,0.0,0.0,0.0,0.0,0.0,0.083,0.07,0.062,0.11199999999999999,0.12,0.094,0.106,0.096,0.105,0.121,0.175,0.322
2017-03-23 05:30:00,36.0,0.0,0.0,0.0,0.0,0.0,0.0,1.0,0.0,0.0,0.0,0.0,0.0,0.0,0.0,0.0,0.0,0.0,0.0,0.0,0.0,0.0,0.0,0.0,0.0,0.0,1.449,0.083,0.07,0.062,0.11199999999999999,0.12,0.094,0.106,0.096,0.105,0.121,0.175
2017-03-23 06:00:00,36.0,0.0,0.0,0.0,0.0,0.0,0.0,0.0,1.0,0.0,0.0,0.0,0.0,0.0,0.0,0.0,0.0,0.0,0.0,0.0,0.0,0.0,0.0,0.0,0.0,0.0,0.535,1.449,0.083,0.07,0.062,0.11199999999999999,0.12,0.094,0.106,0.096,0.105,0.121
2017-03-23 06:30:00,36.0,0.0,0.0,0.0,0.0,0.0,0.0,0.0,1.0,0.0,0.0,0.0,0.0,0.0,0.0,0.0,0.0,0.0,0.0,0.0,0.0,0.0,0.0,0.0,0.0,0.0,0.121,0.535,1.449,0.083,0.07,0.062,0.11199999999999999,0.12,0.094,0.106,0.096,0.105
2017-03-23 07:00:00,36.0,0.0,0.0,0.0,0.0,0.0,0.0,0.0,0.0,1.0,0.0,0.0,0.0,0.0,0.0,0.0,0.0,0.0,0.0,0.0,0.0,0.0,0.0,0.0,0.0,0.0,0.064,0.121,0.535,1.449,0.083,0.07,0.062,0.11199999999999999,0.12,0.094,0.106,0.096
2017-03-23 07:30:00,36.0,0.0,0.0,0.0,0.0,0.0,0.0,0.0,0.0,1.0,0.0,0.0,0.0,0.0,0.0,0.0,0.0,0.0,0.0,0.0,0.0,0.0,0.0,0.0,0.0,0.0,0.069,0.064,0.121,0.535,1.449,0.083,0.07,0.062,0.11199999999999999,0.12,0.094,0.106
2017-03-23 08:00:00,36.0,0.0,0.0,0.0,0.0,0.0,0.0,0.0,0.0,0.0,1.0,0.0,0.0,0.0,0.0,0.0,0.0,0.0,0.0,0.0,0.0,0.0,0.0,0.0,0.0,0.0,0.07400000000000001,0.069,0.064,0.121,0.535,1.449,0.083,0.07,0.062,0.11199999999999999,0.12,0.094
2017-03-23 08:30:00,36.0,0.0,0.0,0.0,0.0,0.0,0.0,0.0,0.0,0.0,1.0,0.0,0.0,0.0,0.0,0.0,0.0,0.0,0.0,0.0,0.0,0.0,0.0,0.0,0.0,0.0,0.08199999999999999,0.07400000000000001,0.069,0.064,0.121,0.535,1.449,0.083,0.07,0.062,0.11199999999999999,0.12
2017-03-23 09:00:00,36.0,0.0,0.0,0.0,0.0,0.0,0.0,0.0,0.0,0.0,0.0,1.0,0.0,0.0,0.0,0.0,0.0,0.0,0.0,0.0,0.0,0.0,0.0,0.0,0.0,0.0,0.109,0.08199999999999999,0.07400000000000001,0.069,0.064,0.121,0.535,1.449,0.083,0.07,0.062,0.11199999999999999
2017-03-23 09:30:00,35.55,0.0,0.0,0.0,0.0,0.0,0.0,0.0,0.0,0.0,0.0,1.0,0.0,0.0,0.0,0.0,0.0,0.0,0.0,0.0,0.0,0.0,0.0,0.0,0.0,0.0,0.191,0.109,0.08199999999999999,0.07400000000000001,0.069,0.064,0.121,0.535,1.449,0.083,0.07,0.062
2017-03-23 10:00:00,35.55,0.0,0.0,0.0,0.0,0.0,0.0,0.0,0.0,0.0,0.0,0.0,1.0,0.0,0.0,0.0,0.0,0.0,0.0,0.0,0.0,0.0,0.0,0.0,0.0,0.0,0.158,0.191,0.109,0.08199999999999999,0.07400000000000001,0.069,0.064,0.121,0.535,1.449,0.083,0.07
2017-03-23 10:30:00,35.266666,0.0,0.0,0.0,0.0,0.0,0.0,0.0,0.0,0.0,0.0,0.0,1.0,0.0,0.0,0.0,0.0,0.0,0.0,0.0,0.0,0.0,0.0,0.0,0.0,0.0,0.134,0.158,0.191,0.109,0.08199999999999999,0.07400000000000001,0.069,0.064,0.121,0.535,1.449,0.083
2017-03-23 11:00:00,35.266666,0.0,0.0,0.0,0.0,0.0,0.0,0.0,0.0,0.0,0.0,0.0,0.0,1.0,0.0,0.0,0.0,0.0,0.0,0.0,0.0,0.0,0.0,0.0,0.0,0.0,0.873,0.134,0.158,0.191,0.109,0.08199999999999999,0.07400000000000001,0.069,0.064,0.121,0.535,1.449
2017-03-23 11:30:00,34.0,0.0,0.0,0.0,0.0,0.0,0.0,0.0,0.0,0.0,0.0,0.0,0.0,1.0,0.0,0.0,0.0,0.0,0.0,0.0,0.0,0.0,0.0,0.0,0.0,0.0,0.747,0.873,0.134,0.158,0.191,0.109,0.08199999999999999,0.07400000000000001,0.069,0.064,0.121,0.535
2017-03-23 12:00:00,34.0,0.0,0.0,0.0,0.0,0.0,0.0,0.0,0.0,0.0,0.0,0.0,0.0,0.0,1.0,0.0,0.0,0.0,0.0,0.0,0.0,0.0,0.0,0.0,0.0,0.0,0.138,0.747,0.873,0.134,0.158,0.191,0.109,0.08199999999999999,0.07400000000000001,0.069,0.064,0.121
2017-03-23 12:30:00,34.0,0.0,0.0,0.0,0.0,0.0,0.0,0.0,0.0,0.0,0.0,0.0,0.0,0.0,1.0,0.0,0.0,0.0,0.0,0.0,0.0,0.0,0.0,0.0,0.0,0.0,1.436,0.138,0.747,0.873,0.134,0.158,0.191,0.109,0.08199999999999999,0.07400000000000001,0.069,0.064
2017-03-23 13:00:00,34.0,0.0,0.0,0.0,0.0,0.0,0.0,0.0,0.0,0.0,0.0,0.0,0.0,0.0,0.0,1.0,0.0,0.0,0.0,0.0,0.0,0.0,0.0,0.0,0.0,0.0,0.9790000000000001,1.436,0.138,0.747,0.873,0.134,0.158,0.191,0.109,0.08199999999999999,0.07400000000000001,0.069
2017-03-23 13:30:00,34.0,0.0,0.0,0.0,0.0,0.0,0.0,0.0,0.0,0.0,0.0,0.0,0.0,0.0,0.0,1.0,0.0,0.0,0.0,0.0,0.0,0.0,0.0,0.0,0.0,0.0,0.063,0.9790000000000001,1.436,0.138,0.747,0.873,0.134,0.158,0.191,0.109,0.08199999999999999,0.07400000000000001
2017-03-23 14:00:00,34.0,0.0,0.0,0.0,0.0,0.0,0.0,0.0,0.0,0.0,0.0,0.0,0.0,0.0,0.0,0.0,1.0,0.0,0.0,0.0,0.0,0.0,0.0,0.0,0.0,0.0,0.052000000000000005,0.063,0.9790000000000001,1.436,0.138,0.747,0.873,0.134,0.158,0.191,0.109,0.08199999999999999
2017-03-23 14:30:00,33.1,0.0,0.0,0.0,0.0,0.0,0.0,0.0,0.0,0.0,0.0,0.0,0.0,0.0,0.0,0.0,1.0,0.0,0.0,0.0,0.0,0.0,0.0,0.0,0.0,0.0,0.13,0.052000000000000005,0.063,0.9790000000000001,1.436,0.138,0.747,0.873,0.134,0.158,0.191,0.109
2017-03-23 15:00:00,33.1,0.0,0.0,0.0,0.0,0.0,0.0,0.0,0.0,0.0,0.0,0.0,0.0,0.0,0.0,0.0,0.0,1.0,0.0,0.0,0.0,0.0,0.0,0.0,0.0,0.0,0.086,0.13,0.052000000000000005,0.063,0.9790000000000001,1.436,0.138,0.747,0.873,0.134,0.158,0.191
2017-03-23 15:30:00,33.1,0.0,0.0,0.0,0.0,0.0,0.0,0.0,0.0,0.0,0.0,0.0,0.0,0.0,0.0,0.0,0.0,1.0,0.0,0.0,0.0,0.0,0.0,0.0,0.0,0.0,0.07400000000000001,0.086,0.13,0.052000000000000005,0.063,0.9790000000000001,1.436,0.138,0.747,0.873,0.134,0.158
2017-03-23 16:00:00,33.1,0.0,0.0,0.0,0.0,0.0,0.0,0.0,0.0,0.0,0.0,0.0,0.0,0.0,0.0,0.0,0.0,0.0,1.0,0.0,0.0,0.0,0.0,0.0,0.0,0.0,0.132,0.07400000000000001,0.086,0.13,0.052000000000000005,0.063,0.9790000000000001,1.436,0.138,0.747,0.873,0.134
2017-03-23 16:30:00,33.1,0.0,0.0,0.0,0.0,0.0,0.0,0.0,0.0,0.0,0.0,0.0,0.0,0.0,0.0,0.0,0.0,0.0,1.0,0.0,0.0,0.0,0.0,0.0,0.0,0.0,0.099,0.132,0.07400000000000001,0.086,0.13,0.052000000000000005,0.063,0.9790000000000001,1.436,0.138,0.747,0.873
2017-03-23 17:00:00,33.1,0.0,0.0,0.0,0.0,0.0,0.0,0.0,0.0,0.0,0.0,0.0,0.0,0.0,0.0,0.0,0.0,0.0,0.0,1.0,0.0,0.0,0.0,0.0,0.0,0.0,0.07,0.099,0.132,0.07400000000000001,0.086,0.13,0.052000000000000005,0.063,0.9790000000000001,1.436,0.138,0.747
2017-03-23 17:30:00,33.1,0.0,0.0,0.0,0.0,0.0,0.0,0.0,0.0,0.0,0.0,0.0,0.0,0.0,0.0,0.0,0.0,0.0,0.0,1.0,0.0,0.0,0.0,0.0,0.0,0.0,0.07,0.07,0.099,0.132,0.07400000000000001,0.086,0.13,0.052000000000000005,0.063,0.9790000000000001,1.436,0.138
2017-03-23 18:00:00,33.1,0.0,0.0,0.0,0.0,0.0,0.0,0.0,0.0,0.0,0.0,0.0,0.0,0.0,0.0,0.0,0.0,0.0,0.0,0.0,1.0,0.0,0.0,0.0,0.0,0.0,0.07200000000000001,0.07,0.07,0.099,0.132,0.07400000000000001,0.086,0.13,0.052000000000000005,0.063,0.9790000000000001,1.436
2017-03-23 18:30:00,33.275,0.0,0.0,0.0,0.0,0.0,0.0,0.0,0.0,0.0,0.0,0.0,0.0,0.0,0.0,0.0,0.0,0.0,0.0,0.0,1.0,0.0,0.0,0.0,0.0,0.0,0.07200000000000001,0.07200000000000001,0.07,0.07,0.099,0.132,0.07400000000000001,0.086,0.13,0.052000000000000005,0.063,0.9790000000000001
2017-03-23 19:00:00,33.275,0.0,0.0,0.0,0.0,0.0,0.0,0.0,0.0,0.0,0.0,0.0,0.0,0.0,0.0,0.0,0.0,0.0,0.0,0.0,0.0,1.0,0.0,0.0,0.0,0.0,0.102,0.07200000000000001,0.07200000000000001,0.07,0.07,0.099,0.132,0.07400000000000001,0.086,0.13,0.052000000000000005,0.063
2017-03-23 19:30:00,33.1,0.0,0.0,0.0,0.0,0.0,0.0,0.0,0.0,0.0,0.0,0.0,0.0,0.0,0.0,0.0,0.0,0.0,0.0,0.0,0.0,1.0,0.0,0.0,0.0,0.0,0.141,0.102,0.07200000000000001,0.07200000000000001,0.07,0.07,0.099,0.132,0.07400000000000001,0.086,0.13,0.052000000000000005
2017-03-23 20:00:00,33.1,0.0,0.0,0.0,0.0,0.0,0.0,0.0,0.0,0.0,0.0,0.0,0.0,0.0,0.0,0.0,0.0,0.0,0.0,0.0,0.0,0.0,1.0,0.0,0.0,0.0,0.085,0.141,0.102,0.07200000000000001,0.07200000000000001,0.07,0.07,0.099,0.132,0.07400000000000001,0.086,0.13
2017-03-23 20:30:00,33.1,0.0,0.0,0.0,0.0,0.0,0.0,0.0,0.0,0.0,0.0,0.0,0.0,0.0,0.0,0.0,0.0,0.0,0.0,0.0,0.0,0.0,1.0,0.0,0.0,0.0,0.079,0.085,0.141,0.102,0.07200000000000001,0.07200000000000001,0.07,0.07,0.099,0.132,0.07400000000000001,0.086
2017-03-23 21:00:00,33.1,0.0,0.0,0.0,0.0,0.0,0.0,0.0,0.0,0.0,0.0,0.0,0.0,0.0,0.0,0.0,0.0,0.0,0.0,0.0,0.0,0.0,0.0,1.0,0.0,0.0,0.077,0.079,0.085,0.141,0.102,0.07200000000000001,0.07200000000000001,0.07,0.07,0.099,0.132,0.07400000000000001
2017-03-23 21:30:00,33.45,0.0,0.0,0.0,0.0,0.0,0.0,0.0,0.0,0.0,0.0,0.0,0.0,0.0,0.0,0.0,0.0,0.0,0.0,0.0,0.0,0.0,0.0,1.0,0.0,0.0,0.075,0.077,0.079,0.085,0.141,0.102,0.07200000000000001,0.07200000000000001,0.07,0.07,0.099,0.132
2017-03-23 22:00:00,33.45,0.0,0.0,0.0,0.0,0.0,0.0,0.0,0.0,0.0,0.0,0.0,0.0,0.0,0.0,0.0,0.0,0.0,0.0,0.0,0.0,0.0,0.0,0.0,1.0,0.0,0.075,0.075,0.077,0.079,0.085,0.141,0.102,0.07200000000000001,0.07200000000000001,0.07,0.07,0.099
2017-03-23 22:30:00,33.7,0.0,0.0,0.0,0.0,0.0,0.0,0.0,0.0,0.0,0.0,0.0,0.0,0.0,0.0,0.0,0.0,0.0,0.0,0.0,0.0,0.0,0.0,0.0,1.0,0.0,0.11699999999999999,0.075,0.075,0.077,0.079,0.085,0.141,0.102,0.07200000000000001,0.07200000000000001,0.07,0.07
2017-03-23 23:00:00,33.7,0.0,0.0,0.0,0.0,0.0,0.0,0.0,0.0,0.0,0.0,0.0,0.0,0.0,0.0,0.0,0.0,0.0,0.0,0.0,0.0,0.0,0.0,0.0,0.0,1.0,0.142,0.11699999999999999,0.075,0.075,0.077,0.079,0.085,0.141,0.102,0.07200000000000001,0.07200000000000001,0.07
2017-03-23 23:30:00,33.9,0.0,0.0,0.0,0.0,0.0,0.0,0.0,0.0,0.0,0.0,0.0,0.0,0.0,0.0,0.0,0.0,0.0,0.0,0.0,0.0,0.0,0.0,0.0,0.0,1.0,0.12,0.142,0.11699999999999999,0.075,0.075,0.077,0.079,0.085,0.141,0.102,0.07200000000000001,0.07200000000000001
2017-03-24 00:00:00,33.9,0.0,1.0,0.0,0.0,0.0,0.0,0.0,0.0,0.0,0.0,0.0,0.0,0.0,0.0,0.0,0.0,0.0,0.0,0.0,0.0,0.0,0.0,0.0,0.0,0.0,0.113,0.12,0.142,0.11699999999999999,0.075,0.075,0.077,0.079,0.085,0.141,0.102,0.07200000000000001
2017-03-24 00:30:00,34.0,0.0,1.0,0.0,0.0,0.0,0.0,0.0,0.0,0.0,0.0,0.0,0.0,0.0,0.0,0.0,0.0,0.0,0.0,0.0,0.0,0.0,0.0,0.0,0.0,0.0,0.17300000000000001,0.113,0.12,0.142,0.11699999999999999,0.075,0.075,0.077,0.079,0.085,0.141,0.102
2017-03-24 01:00:00,34.0,0.0,0.0,1.0,0.0,0.0,0.0,0.0,0.0,0.0,0.0,0.0,0.0,0.0,0.0,0.0,0.0,0.0,0.0,0.0,0.0,0.0,0.0,0.0,0.0,0.0,0.142,0.17300000000000001,0.113,0.12,0.142,0.11699999999999999,0.075,0.075,0.077,0.079,0.085,0.141
2017-03-24 01:30:00,34.0,0.0,0.0,1.0,0.0,0.0,0.0,0.0,0.0,0.0,0.0,0.0,0.0,0.0,0.0,0.0,0.0,0.0,0.0,0.0,0.0,0.0,0.0,0.0,0.0,0.0,0.11800000000000001,0.142,0.17300000000000001,0.113,0.12,0.142,0.11699999999999999,0.075,0.075,0.077,0.079,0.085
2017-03-24 02:00:00,34.0,0.0,0.0,0.0,1.0,0.0,0.0,0.0,0.0,0.0,0.0,0.0,0.0,0.0,0.0,0.0,0.0,0.0,0.0,0.0,0.0,0.0,0.0,0.0,0.0,0.0,0.11599999999999999,0.11800000000000001,0.142,0.17300000000000001,0.113,0.12,0.142,0.11699999999999999,0.075,0.075,0.077,0.079
2017-03-24 02:30:00,34.0,0.0,0.0,0.0,1.0,0.0,0.0,0.0,0.0,0.0,0.0,0.0,0.0,0.0,0.0,0.0,0.0,0.0,0.0,0.0,0.0,0.0,0.0,0.0,0.0,0.0,0.111,0.11599999999999999,0.11800000000000001,0.142,0.17300000000000001,0.113,0.12,0.142,0.11699999999999999,0.075,0.075,0.077
2017-03-24 03:00:00,34.0,0.0,0.0,0.0,0.0,1.0,0.0,0.0,0.0,0.0,0.0,0.0,0.0,0.0,0.0,0.0,0.0,0.0,0.0,0.0,0.0,0.0,0.0,0.0,0.0,0.0,0.14400000000000002,0.111,0.11599999999999999,0.11800000000000001,0.142,0.17300000000000001,0.113,0.12,0.142,0.11699999999999999,0.075,0.075
2017-03-24 03:30:00,34.0,0.0,0.0,0.0,0.0,1.0,0.0,0.0,0.0,0.0,0.0,0.0,0.0,0.0,0.0,0.0,0.0,0.0,0.0,0.0,0.0,0.0,0.0,0.0,0.0,0.0,0.153,0.14400000000000002,0.111,0.11599999999999999,0.11800000000000001,0.142,0.17300000000000001,0.113,0.12,0.142,0.11699999999999999,0.075
2017-03-24 04:00:00,34.0,0.0,0.0,0.0,0.0,0.0,1.0,0.0,0.0,0.0,0.0,0.0,0.0,0.0,0.0,0.0,0.0,0.0,0.0,0.0,0.0,0.0,0.0,0.0,0.0,0.0,0.11,0.153,0.14400000000000002,0.111,0.11599999999999999,0.11800000000000001,0.142,0.17300000000000001,0.113,0.12,0.142,0.11699999999999999
2017-03-24 04:30:00,34.0,0.0,0.0,0.0,0.0,0.0,1.0,0.0,0.0,0.0,0.0,0.0,0.0,0.0,0.0,0.0,0.0,0.0,0.0,0.0,0.0,0.0,0.0,0.0,0.0,0.0,0.111,0.11,0.153,0.14400000000000002,0.111,0.11599999999999999,0.11800000000000001,0.142,0.17300000000000001,0.113,0.12,0.142
2017-03-24 05:00:00,34.0,0.0,0.0,0.0,0.0,0.0,0.0,1.0,0.0,0.0,0.0,0.0,0.0,0.0,0.0,0.0,0.0,0.0,0.0,0.0,0.0,0.0,0.0,0.0,0.0,0.0,0.107,0.111,0.11,0.153,0.14400000000000002,0.111,0.11599999999999999,0.11800000000000001,0.142,0.17300000000000001,0.113,0.12
2017-03-24 05:30:00,34.0,0.0,0.0,0.0,0.0,0.0,0.0,1.0,0.0,0.0,0.0,0.0,0.0,0.0,0.0,0.0,0.0,0.0,0.0,0.0,0.0,0.0,0.0,0.0,0.0,0.0,0.076,0.107,0.111,0.11,0.153,0.14400000000000002,0.111,0.11599999999999999,0.11800000000000001,0.142,0.17300000000000001,0.113
2017-03-24 06:00:00,34.0,0.0,0.0,0.0,0.0,0.0,0.0,0.0,1.0,0.0,0.0,0.0,0.0,0.0,0.0,0.0,0.0,0.0,0.0,0.0,0.0,0.0,0.0,0.0,0.0,0.0,0.102,0.076,0.107,0.111,0.11,0.153,0.14400000000000002,0.111,0.11599999999999999,0.11800000000000001,0.142,0.17300000000000001
2017-03-24 06:30:00,34.0,0.0,0.0,0.0,0.0,0.0,0.0,0.0,1.0,0.0,0.0,0.0,0.0,0.0,0.0,0.0,0.0,0.0,0.0,0.0,0.0,0.0,0.0,0.0,0.0,0.0,0.13699999999999998,0.102,0.076,0.107,0.111,0.11,0.153,0.14400000000000002,0.111,0.11599999999999999,0.11800000000000001,0.142
2017-03-24 07:00:00,34.0,0.0,0.0,0.0,0.0,0.0,0.0,0.0,0.0,1.0,0.0,0.0,0.0,0.0,0.0,0.0,0.0,0.0,0.0,0.0,0.0,0.0,0.0,0.0,0.0,0.0,0.084,0.13699999999999998,0.102,0.076,0.107,0.111,0.11,0.153,0.14400000000000002,0.111,0.11599999999999999,0.11800000000000001
2017-03-24 07:30:00,34.366665999999995,0.0,0.0,0.0,0.0,0.0,0.0,0.0,0.0,1.0,0.0,0.0,0.0,0.0,0.0,0.0,0.0,0.0,0.0,0.0,0.0,0.0,0.0,0.0,0.0,0.0,0.07400000000000001,0.084,0.13699999999999998,0.102,0.076,0.107,0.111,0.11,0.153,0.14400000000000002,0.111,0.11599999999999999
2017-03-24 08:00:00,34.366665999999995,0.0,0.0,0.0,0.0,0.0,0.0,0.0,0.0,0.0,1.0,0.0,0.0,0.0,0.0,0.0,0.0,0.0,0.0,0.0,0.0,0.0,0.0,0.0,0.0,0.0,0.075,0.07400000000000001,0.084,0.13699999999999998,0.102,0.076,0.107,0.111,0.11,0.153,0.14400000000000002,0.111
2017-03-24 08:30:00,34.0,0.0,0.0,0.0,0.0,0.0,0.0,0.0,0.0,0.0,1.0,0.0,0.0,0.0,0.0,0.0,0.0,0.0,0.0,0.0,0.0,0.0,0.0,0.0,0.0,0.0,0.07200000000000001,0.075,0.07400000000000001,0.084,0.13699999999999998,0.102,0.076,0.107,0.111,0.11,0.153,0.14400000000000002
2017-03-24 09:00:00,34.0,0.0,0.0,0.0,0.0,0.0,0.0,0.0,0.0,0.0,0.0,1.0,0.0,0.0,0.0,0.0,0.0,0.0,0.0,0.0,0.0,0.0,0.0,0.0,0.0,0.0,0.07,0.07200000000000001,0.075,0.07400000000000001,0.084,0.13699999999999998,0.102,0.076,0.107,0.111,0.11,0.153
2017-03-24 09:30:00,35.1,0.0,0.0,0.0,0.0,0.0,0.0,0.0,0.0,0.0,0.0,1.0,0.0,0.0,0.0,0.0,0.0,0.0,0.0,0.0,0.0,0.0,0.0,0.0,0.0,0.0,0.107,0.07,0.07200000000000001,0.075,0.07400000000000001,0.084,0.13699999999999998,0.102,0.076,0.107,0.111,0.11
2017-03-24 10:00:00,35.1,0.0,0.0,0.0,0.0,0.0,0.0,0.0,0.0,0.0,0.0,0.0,1.0,0.0,0.0,0.0,0.0,0.0,0.0,0.0,0.0,0.0,0.0,0.0,0.0,0.0,0.129,0.107,0.07,0.07200000000000001,0.075,0.07400000000000001,0.084,0.13699999999999998,0.102,0.076,0.107,0.111
2017-03-24 10:30:00,35.1,0.0,0.0,0.0,0.0,0.0,0.0,0.0,0.0,0.0,0.0,0.0,1.0,0.0,0.0,0.0,0.0,0.0,0.0,0.0,0.0,0.0,0.0,0.0,0.0,0.0,0.071,0.129,0.107,0.07,0.07200000000000001,0.075,0.07400000000000001,0.084,0.13699999999999998,0.102,0.076,0.107
2017-03-24 11:00:00,35.1,0.0,0.0,0.0,0.0,0.0,0.0,0.0,0.0,0.0,0.0,0.0,0.0,1.0,0.0,0.0,0.0,0.0,0.0,0.0,0.0,0.0,0.0,0.0,0.0,0.0,0.07400000000000001,0.071,0.129,0.107,0.07,0.07200000000000001,0.075,0.07400000000000001,0.084,0.13699999999999998,0.102,0.076
2017-03-24 11:30:00,35.1,0.0,0.0,0.0,0.0,0.0,0.0,0.0,0.0,0.0,0.0,0.0,0.0,1.0,0.0,0.0,0.0,0.0,0.0,0.0,0.0,0.0,0.0,0.0,0.0,0.0,0.077,0.07400000000000001,0.071,0.129,0.107,0.07,0.07200000000000001,0.075,0.07400000000000001,0.084,0.13699999999999998,0.102
2017-03-24 12:00:00,35.1,0.0,0.0,0.0,0.0,0.0,0.0,0.0,0.0,0.0,0.0,0.0,0.0,0.0,1.0,0.0,0.0,0.0,0.0,0.0,0.0,0.0,0.0,0.0,0.0,0.0,0.076,0.077,0.07400000000000001,0.071,0.129,0.107,0.07,0.07200000000000001,0.075,0.07400000000000001,0.084,0.13699999999999998
2017-03-24 12:30:00,35.1,0.0,0.0,0.0,0.0,0.0,0.0,0.0,0.0,0.0,0.0,0.0,0.0,0.0,1.0,0.0,0.0,0.0,0.0,0.0,0.0,0.0,0.0,0.0,0.0,0.0,0.076,0.076,0.077,0.07400000000000001,0.071,0.129,0.107,0.07,0.07200000000000001,0.075,0.07400000000000001,0.084
2017-03-24 13:00:00,35.1,0.0,0.0,0.0,0.0,0.0,0.0,0.0,0.0,0.0,0.0,0.0,0.0,0.0,0.0,1.0,0.0,0.0,0.0,0.0,0.0,0.0,0.0,0.0,0.0,0.0,0.136,0.076,0.076,0.077,0.07400000000000001,0.071,0.129,0.107,0.07,0.07200000000000001,0.075,0.07400000000000001
2017-03-24 13:30:00,35.1,0.0,0.0,0.0,0.0,0.0,0.0,0.0,0.0,0.0,0.0,0.0,0.0,0.0,0.0,1.0,0.0,0.0,0.0,0.0,0.0,0.0,0.0,0.0,0.0,0.0,0.163,0.136,0.076,0.076,0.077,0.07400000000000001,0.071,0.129,0.107,0.07,0.07200000000000001,0.075
2017-03-24 14:00:00,35.1,0.0,0.0,0.0,0.0,0.0,0.0,0.0,0.0,0.0,0.0,0.0,0.0,0.0,0.0,0.0,1.0,0.0,0.0,0.0,0.0,0.0,0.0,0.0,0.0,0.0,0.11,0.163,0.136,0.076,0.076,0.077,0.07400000000000001,0.071,0.129,0.107,0.07,0.07200000000000001
2017-03-24 14:30:00,35.1,0.0,0.0,0.0,0.0,0.0,0.0,0.0,0.0,0.0,0.0,0.0,0.0,0.0,0.0,0.0,1.0,0.0,0.0,0.0,0.0,0.0,0.0,0.0,0.0,0.0,0.133,0.11,0.163,0.136,0.076,0.076,0.077,0.07400000000000001,0.071,0.129,0.107,0.07
2017-03-24 15:00:00,35.1,0.0,0.0,0.0,0.0,0.0,0.0,0.0,0.0,0.0,0.0,0.0,0.0,0.0,0.0,0.0,0.0,1.0,0.0,0.0,0.0,0.0,0.0,0.0,0.0,0.0,0.132,0.133,0.11,0.163,0.136,0.076,0.076,0.077,0.07400000000000001,0.071,0.129,0.107
2017-03-24 15:30:00,35.1,0.0,0.0,0.0,0.0,0.0,0.0,0.0,0.0,0.0,0.0,0.0,0.0,0.0,0.0,0.0,0.0,1.0,0.0,0.0,0.0,0.0,0.0,0.0,0.0,0.0,0.064,0.132,0.133,0.11,0.163,0.136,0.076,0.076,0.077,0.07400000000000001,0.071,0.129
2017-03-24 16:00:00,35.1,0.0,0.0,0.0,0.0,0.0,0.0,0.0,0.0,0.0,0.0,0.0,0.0,0.0,0.0,0.0,0.0,0.0,1.0,0.0,0.0,0.0,0.0,0.0,0.0,0.0,0.22699999999999998,0.064,0.132,0.133,0.11,0.163,0.136,0.076,0.076,0.077,0.07400000000000001,0.071
2017-03-24 16:30:00,35.225,0.0,0.0,0.0,0.0,0.0,0.0,0.0,0.0,0.0,0.0,0.0,0.0,0.0,0.0,0.0,0.0,0.0,1.0,0.0,0.0,0.0,0.0,0.0,0.0,0.0,0.114,0.22699999999999998,0.064,0.132,0.133,0.11,0.163,0.136,0.076,0.076,0.077,0.07400000000000001
2017-03-24 17:00:00,35.225,0.0,0.0,0.0,0.0,0.0,0.0,0.0,0.0,0.0,0.0,0.0,0.0,0.0,0.0,0.0,0.0,0.0,0.0,1.0,0.0,0.0,0.0,0.0,0.0,0.0,0.14400000000000002,0.114,0.22699999999999998,0.064,0.132,0.133,0.11,0.163,0.136,0.076,0.076,0.077
2017-03-24 17:30:00,35.35,0.0,0.0,0.0,0.0,0.0,0.0,0.0,0.0,0.0,0.0,0.0,0.0,0.0,0.0,0.0,0.0,0.0,0.0,1.0,0.0,0.0,0.0,0.0,0.0,0.0,0.141,0.14400000000000002,0.114,0.22699999999999998,0.064,0.132,0.133,0.11,0.163,0.136,0.076,0.076
2017-03-24 18:00:00,35.35,0.0,0.0,0.0,0.0,0.0,0.0,0.0,0.0,0.0,0.0,0.0,0.0,0.0,0.0,0.0,0.0,0.0,0.0,0.0,1.0,0.0,0.0,0.0,0.0,0.0,0.099,0.141,0.14400000000000002,0.114,0.22699999999999998,0.064,0.132,0.133,0.11,0.163,0.136,0.076
2017-03-24 18:30:00,35.1,0.0,0.0,0.0,0.0,0.0,0.0,0.0,0.0,0.0,0.0,0.0,0.0,0.0,0.0,0.0,0.0,0.0,0.0,0.0,1.0,0.0,0.0,0.0,0.0,0.0,0.07200000000000001,0.099,0.141,0.14400000000000002,0.114,0.22699999999999998,0.064,0.132,0.133,0.11,0.163,0.136
2017-03-24 19:00:00,35.1,0.0,0.0,0.0,0.0,0.0,0.0,0.0,0.0,0.0,0.0,0.0,0.0,0.0,0.0,0.0,0.0,0.0,0.0,0.0,0.0,1.0,0.0,0.0,0.0,0.0,0.07200000000000001,0.07200000000000001,0.099,0.141,0.14400000000000002,0.114,0.22699999999999998,0.064,0.132,0.133,0.11,0.163
2017-03-24 19:30:00,35.1,0.0,0.0,0.0,0.0,0.0,0.0,0.0,0.0,0.0,0.0,0.0,0.0,0.0,0.0,0.0,0.0,0.0,0.0,0.0,0.0,1.0,0.0,0.0,0.0,0.0,0.071,0.07200000000000001,0.07200000000000001,0.099,0.141,0.14400000000000002,0.114,0.22699999999999998,0.064,0.132,0.133,0.11
2017-03-24 20:00:00,35.1,0.0,0.0,0.0,0.0,0.0,0.0,0.0,0.0,0.0,0.0,0.0,0.0,0.0,0.0,0.0,0.0,0.0,0.0,0.0,0.0,0.0,1.0,0.0,0.0,0.0,0.073,0.071,0.07200000000000001,0.07200000000000001,0.099,0.141,0.14400000000000002,0.114,0.22699999999999998,0.064,0.132,0.133
2017-03-24 20:30:00,34.0,0.0,0.0,0.0,0.0,0.0,0.0,0.0,0.0,0.0,0.0,0.0,0.0,0.0,0.0,0.0,0.0,0.0,0.0,0.0,0.0,0.0,1.0,0.0,0.0,0.0,0.073,0.073,0.071,0.07200000000000001,0.07200000000000001,0.099,0.141,0.14400000000000002,0.114,0.22699999999999998,0.064,0.132
2017-03-24 21:00:00,34.0,0.0,0.0,0.0,0.0,0.0,0.0,0.0,0.0,0.0,0.0,0.0,0.0,0.0,0.0,0.0,0.0,0.0,0.0,0.0,0.0,0.0,0.0,1.0,0.0,0.0,0.11900000000000001,0.073,0.073,0.071,0.07200000000000001,0.07200000000000001,0.099,0.141,0.14400000000000002,0.114,0.22699999999999998,0.064
2017-03-24 21:30:00,32.0,0.0,0.0,0.0,0.0,0.0,0.0,0.0,0.0,0.0,0.0,0.0,0.0,0.0,0.0,0.0,0.0,0.0,0.0,0.0,0.0,0.0,0.0,1.0,0.0,0.0,0.138,0.11900000000000001,0.073,0.073,0.071,0.07200000000000001,0.07200000000000001,0.099,0.141,0.14400000000000002,0.114,0.22699999999999998
2017-03-24 22:00:00,32.0,0.0,0.0,0.0,0.0,0.0,0.0,0.0,0.0,0.0,0.0,0.0,0.0,0.0,0.0,0.0,0.0,0.0,0.0,0.0,0.0,0.0,0.0,0.0,1.0,0.0,0.08199999999999999,0.138,0.11900000000000001,0.073,0.073,0.071,0.07200000000000001,0.07200000000000001,0.099,0.141,0.14400000000000002,0.114
2017-03-24 22:30:00,30.72,0.0,0.0,0.0,0.0,0.0,0.0,0.0,0.0,0.0,0.0,0.0,0.0,0.0,0.0,0.0,0.0,0.0,0.0,0.0,0.0,0.0,0.0,0.0,1.0,0.0,0.086,0.08199999999999999,0.138,0.11900000000000001,0.073,0.073,0.071,0.07200000000000001,0.07200000000000001,0.099,0.141,0.14400000000000002
2017-03-24 23:00:00,30.72,0.0,0.0,0.0,0.0,0.0,0.0,0.0,0.0,0.0,0.0,0.0,0.0,0.0,0.0,0.0,0.0,0.0,0.0,0.0,0.0,0.0,0.0,0.0,0.0,1.0,0.11599999999999999,0.086,0.08199999999999999,0.138,0.11900000000000001,0.073,0.073,0.071,0.07200000000000001,0.07200000000000001,0.099,0.141
2017-03-24 23:30:00,28.9,0.0,0.0,0.0,0.0,0.0,0.0,0.0,0.0,0.0,0.0,0.0,0.0,0.0,0.0,0.0,0.0,0.0,0.0,0.0,0.0,0.0,0.0,0.0,0.0,1.0,0.125,0.11599999999999999,0.086,0.08199999999999999,0.138,0.11900000000000001,0.073,0.073,0.071,0.07200000000000001,0.07200000000000001,0.099
